"Label (Grouping)","PER CAPITA INCOME BY RACE AND HISPANIC OR LATINO ORIGIN!!Total population","PER CAPITA INCOME BY RACE AND HISPANIC OR LATINO ORIGIN!!Total population!!One race--!!White","PER CAPITA INCOME BY RACE AND HISPANIC OR LATINO ORIGIN!!Total population!!One race--!!Black or African American","PER CAPITA INCOME BY RACE AND HISPANIC OR LATINO ORIGIN!!Total population!!One race--!!American Indian and Alaska Native","PER CAPITA INCOME BY RACE AND HISPANIC OR LATINO ORIGIN!!Total population!!One race--!!Asian","PER CAPITA INCOME BY RACE AND HISPANIC OR LATINO ORIGIN!!Total population!!One race--!!Native Hawaiian and Other Pacific Islander","PER CAPITA INCOME BY RACE AND HISPANIC OR LATINO ORIGIN!!Total population!!One race--!!Some other race","PER CAPITA INCOME BY RACE AND HISPANIC OR LATINO ORIGIN!!Total population!!Hispanic or Latino origin (of any race)"
"Anderson County, Tennessee","","","","","","","",""
"    Number","","","","","","","",""
"        Estimate","76,683","68,348","2,395","270","1,069","57","1,029","2,492"
"    Percent Distribution","","","","","","","",""
"        Estimate","76,683","89.1%","3.1%","0.4%","1.4%","0.1%","1.3%","3.2%"
"    Mean income (dollars)","","","","","","","",""
"        Estimate","30,544","31,380","25,613","15,524","46,229","N","17,773","19,622"
"Bedford County, Tennessee","","","","","","","",""
"    Number","","","","","","","",""
"        Estimate","49,754","41,861","3,270","470","124","17","1,471","6,591"
"    Percent Distribution","","","","","","","",""
"        Estimate","49,754","84.1%","6.6%","0.9%","0.2%","0.0%","3.0%","13.2%"
"    Mean income (dollars)","","","","","","","",""
"        Estimate","26,361","27,820","22,203","3,058","21,749","N","11,639","15,112"
"Benton County, Tennessee","","","","","","","",""
"    Number","","","","","","","",""
"        Estimate","15,872","14,917","331","26","138","0","0","382"
"    Percent Distribution","","","","","","","",""
"        Estimate","15,872","94.0%","2.1%","0.2%","0.9%","0.0%","0.0%","2.4%"
"    Mean income (dollars)","","","","","","","",""
"        Estimate","24,313","24,519","33,680","N","11,330","-","-","7,551"
"Bledsoe County, Tennessee","","","","","","","",""
"    Number","","","","","","","",""
"        Estimate","14,863","13,292","1,115","49","29","0","40","414"
"    Percent Distribution","","","","","","","",""
"        Estimate","14,863","89.4%","7.5%","0.3%","0.2%","0.0%","0.3%","2.8%"
"    Mean income (dollars)","","","","","","","",""
"        Estimate","24,101","24,784","17,158","10,557","N","-","9,158","19,648"
"Blount County, Tennessee","","","","","","","",""
"    Number","","","","","","","",""
"        Estimate","134,042","123,656","3,215","84","1,032","163","604","4,910"
"    Percent Distribution","","","","","","","",""
"        Estimate","134,042","92.3%","2.4%","0.1%","0.8%","0.1%","0.5%","3.7%"
"    Mean income (dollars)","","","","","","","",""
"        Estimate","33,726","34,269","33,143","25,546","36,994","30,318","14,373","24,735"
"Bradley County, Tennessee","","","","","","","",""
"    Number","","","","","","","",""
"        Estimate","107,845","94,425","5,431","243","1,244","21","2,803","7,174"
"    Percent Distribution","","","","","","","",""
"        Estimate","107,845","87.6%","5.0%","0.2%","1.2%","0.0%","2.6%","6.7%"
"    Mean income (dollars)","","","","","","","",""
"        Estimate","28,531","29,286","21,182","24,664","52,349","N","18,708","20,483"
"Campbell County, Tennessee","","","","","","","",""
"    Number","","","","","","","",""
"        Estimate","39,388","37,998","111","31","178","0","207","621"
"    Percent Distribution","","","","","","","",""
"        Estimate","39,388","96.5%","0.3%","0.1%","0.5%","0.0%","0.5%","1.6%"
"    Mean income (dollars)","","","","","","","",""
"        Estimate","24,918","25,062","26,721","25,335","17,763","-","23,270","16,410"
"Cannon County, Tennessee","","","","","","","",""
"    Number","","","","","","","",""
"        Estimate","14,309","13,617","343","18","0","2","47","367"
"    Percent Distribution","","","","","","","",""
"        Estimate","14,309","95.2%","2.4%","0.1%","0.0%","0.0%","0.3%","2.6%"
"    Mean income (dollars)","","","","","","","",""
"        Estimate","28,160","28,159","23,786","64,317","-","-","30,530","22,085"
"Carroll County, Tennessee","","","","","","","",""
"    Number","","","","","","","",""
"        Estimate","28,370","24,438","2,447","30","147","30","173","862"
"    Percent Distribution","","","","","","","",""
"        Estimate","28,370","86.1%","8.6%","0.1%","0.5%","0.1%","0.6%","3.0%"
"    Mean income (dollars)","","","","","","","",""
"        Estimate","24,315","25,529","19,135","8,450","16,433","N","30,199","16,205"
"Carter County, Tennessee","","","","","","","",""
"    Number","","","","","","","",""
"        Estimate","56,314","53,736","1,059","57","169","16","215","1,171"
"    Percent Distribution","","","","","","","",""
"        Estimate","56,314","95.4%","1.9%","0.1%","0.3%","0.0%","0.4%","2.1%"
"    Mean income (dollars)","","","","","","","",""
"        Estimate","25,267","25,688","16,046","13,053","34,712","N","3,674","13,893"
"Cheatham County, Tennessee","","","","","","","",""
"    Number","","","","","","","",""
"        Estimate","40,878","37,935","604","137","245","13","564","1,477"
"    Percent Distribution","","","","","","","",""
"        Estimate","40,878","92.8%","1.5%","0.3%","0.6%","0.0%","1.4%","3.6%"
"    Mean income (dollars)","","","","","","","",""
"        Estimate","31,832","32,550","33,390","13,365","28,400","N","20,754","21,051"
"Chester County, Tennessee","","","","","","","",""
"    Number","","","","","","","",""
"        Estimate","17,278","14,869","1,776","0","74","0","73","487"
"    Percent Distribution","","","","","","","",""
"        Estimate","17,278","86.1%","10.3%","0.0%","0.4%","0.0%","0.4%","2.8%"
"    Mean income (dollars)","","","","","","","",""
"        Estimate","22,387","23,647","16,153","-","13,168","-","N","13,361"
"Claiborne County, Tennessee","","","","","","","",""
"    Number","","","","","","","",""
"        Estimate","31,958","30,524","264","47","268","0","14","459"
"    Percent Distribution","","","","","","","",""
"        Estimate","31,958","95.5%","0.8%","0.1%","0.8%","0.0%","0.0%","1.4%"
"    Mean income (dollars)","","","","","","","",""
"        Estimate","24,204","24,720","14,008","12,838","1,154","-","N","16,097"
"Clay County, Tennessee","","","","","","","",""
"    Number","","","","","","","",""
"        Estimate","7,568","7,144","149","28","44","0","104","129"
"    Percent Distribution","","","","","","","",""
"        Estimate","7,568","94.4%","2.0%","0.4%","0.6%","0.0%","1.4%","1.7%"
"    Mean income (dollars)","","","","","","","",""
"        Estimate","21,602","22,082","5,744","N","N","-","N","9,102"
"Cocke County, Tennessee","","","","","","","",""
"    Number","","","","","","","",""
"        Estimate","35,896","33,839","711","249","186","39","47","981"
"    Percent Distribution","","","","","","","",""
"        Estimate","35,896","94.3%","2.0%","0.7%","0.5%","0.1%","0.1%","2.7%"
"    Mean income (dollars)","","","","","","","",""
"        Estimate","23,517","23,589","17,603","14,654","8,784","N","16,149","17,630"
"Coffee County, Tennessee","","","","","","","",""
"    Number","","","","","","","",""
"        Estimate","57,227","51,327","2,184","21","709","15","934","2,809"
"    Percent Distribution","","","","","","","",""
"        Estimate","57,227","89.7%","3.8%","0.0%","1.2%","0.0%","1.6%","4.9%"
"    Mean income (dollars)","","","","","","","",""
"        Estimate","27,539","28,579","17,721","14,381","26,841","N","13,810","16,485"
"Crockett County, Tennessee","","","","","","","",""
"    Number","","","","","","","",""
"        Estimate","14,012","10,635","1,856","38","47","15","632","1,569"
"    Percent Distribution","","","","","","","",""
"        Estimate","14,012","75.9%","13.2%","0.3%","0.3%","0.1%","4.5%","11.2%"
"    Mean income (dollars)","","","","","","","",""
"        Estimate","26,044","28,010","23,473","3,029","52,943","N","10,993","20,477"
"Cumberland County, Tennessee","","","","","","","",""
"    Number","","","","","","","",""
"        Estimate","60,568","58,311","539","244","154","0","152","1,895"
"    Percent Distribution","","","","","","","",""
"        Estimate","60,568","96.3%","0.9%","0.4%","0.3%","0.0%","0.3%","3.1%"
"    Mean income (dollars)","","","","","","","",""
"        Estimate","28,255","28,618","8,118","20,187","29,182","-","28,980","12,620"
"Davidson County, Tennessee","","","","","","","",""
"    Number","","","","","","","",""
"        Estimate","708,490","432,984","188,857","1,202","24,969","310","25,450","73,908"
"    Percent Distribution","","","","","","","",""
"        Estimate","708,490","61.1%","26.7%","0.2%","3.5%","0.0%","3.6%","10.4%"
"    Mean income (dollars)","","","","","","","",""
"        Estimate","40,962","49,326","26,832","46,882","42,017","18,207","18,463","20,457"
"Decatur County, Tennessee","","","","","","","",""
"    Number","","","","","","","",""
"        Estimate","11,460","10,578","292","8","14","0","74","392"
"    Percent Distribution","","","","","","","",""
"        Estimate","11,460","92.3%","2.5%","0.1%","0.1%","0.0%","0.6%","3.4%"
"    Mean income (dollars)","","","","","","","",""
"        Estimate","26,075","27,082","16,201","N","N","-","6,855","11,395"
"DeKalb County, Tennessee","","","","","","","",""
"    Number","","","","","","","",""
"        Estimate","19,875","18,132","347","93","114","0","602","1,648"
"    Percent Distribution","","","","","","","",""
"        Estimate","19,875","91.2%","1.7%","0.5%","0.6%","0.0%","3.0%","8.3%"
"    Mean income (dollars)","","","","","","","",""
"        Estimate","25,625","26,311","17,235","-","19,561","-","15,690","15,630"
"Dickson County, Tennessee","","","","","","","",""
"    Number","","","","","","","",""
"        Estimate","54,000","49,262","1,941","110","273","0","454","2,101"
"    Percent Distribution","","","","","","","",""
"        Estimate","54,000","91.2%","3.6%","0.2%","0.5%","0.0%","0.8%","3.9%"
"    Mean income (dollars)","","","","","","","",""
"        Estimate","30,897","32,006","22,882","28,588","19,040","-","28,990","19,478"
"Dyer County, Tennessee","","","","","","","",""
"    Number","","","","","","","",""
"        Estimate","36,975","29,568","4,831","94","191","9","385","1,348"
"    Percent Distribution","","","","","","","",""
"        Estimate","36,975","80.0%","13.1%","0.3%","0.5%","0.0%","1.0%","3.6%"
"    Mean income (dollars)","","","","","","","",""
"        Estimate","32,793","33,680","20,539","29,109","38,096","N","46,645","74,901"
"Fayette County, Tennessee","","","","","","","",""
"    Number","","","","","","","",""
"        Estimate","41,584","28,242","11,331","210","287","0","830","1,250"
"    Percent Distribution","","","","","","","",""
"        Estimate","41,584","67.9%","27.2%","0.5%","0.7%","0.0%","2.0%","3.0%"
"    Mean income (dollars)","","","","","","","",""
"        Estimate","37,049","43,828","22,057","7,145","43,382","-","23,995","21,065"
"Fentress County, Tennessee","","","","","","","",""
"    Number","","","","","","","",""
"        Estimate","18,385","17,721","52","60","56","31","65","320"
"    Percent Distribution","","","","","","","",""
"        Estimate","18,385","96.4%","0.3%","0.3%","0.3%","0.2%","0.4%","1.7%"
"    Mean income (dollars)","","","","","","","",""
"        Estimate","21,889","22,060","7,815","N","N","N","39,992","14,323"
"Franklin County, Tennessee","","","","","","","",""
"    Number","","","","","","","",""
"        Estimate","42,528","38,153","2,097","8","223","24","676","1,548"
"    Percent Distribution","","","","","","","",""
"        Estimate","42,528","89.7%","4.9%","0.0%","0.5%","0.1%","1.6%","3.6%"
"    Mean income (dollars)","","","","","","","",""
"        Estimate","29,392","29,693","27,820","20,138","21,178","N","20,291","16,105"
"Gibson County, Tennessee","","","","","","","",""
"    Number","","","","","","","",""
"        Estimate","50,278","38,960","8,187","139","180","19","205","1,471"
"    Percent Distribution","","","","","","","",""
"        Estimate","50,278","77.5%","16.3%","0.3%","0.4%","0.0%","0.4%","2.9%"
"    Mean income (dollars)","","","","","","","",""
"        Estimate","25,466","27,205","20,369","32,232","45,358","44,800","10,114","16,342"
"Giles County, Tennessee","","","","","","","",""
"    Number","","","","","","","",""
"        Estimate","30,197","25,594","3,134","65","47","0","382","954"
"    Percent Distribution","","","","","","","",""
"        Estimate","30,197","84.8%","10.4%","0.2%","0.2%","0.0%","1.3%","3.2%"
"    Mean income (dollars)","","","","","","","",""
"        Estimate","28,268","29,621","21,595","48,358","35,011","-","18,771","8,997"
"Grainger County, Tennessee","","","","","","","",""
"    Number","","","","","","","",""
"        Estimate","23,377","22,659","70","46","22","123","13","825"
"    Percent Distribution","","","","","","","",""
"        Estimate","23,377","96.9%","0.3%","0.2%","0.1%","0.5%","0.1%","3.5%"
"    Mean income (dollars)","","","","","","","",""
"        Estimate","24,661","24,458","35,981","18,941","N","N","N","10,281"
"Greene County, Tennessee","","","","","","","",""
"    Number","","","","","","","",""
"        Estimate","69,926","65,672","1,308","182","394","108","451","2,174"
"    Percent Distribution","","","","","","","",""
"        Estimate","69,926","93.9%","1.9%","0.3%","0.6%","0.2%","0.6%","3.1%"
"    Mean income (dollars)","","","","","","","",""
"        Estimate","26,394","27,055","16,314","9,221","16,830","N","24,218","14,469"
"Grundy County, Tennessee","","","","","","","",""
"    Number","","","","","","","",""
"        Estimate","13,471","12,069","42","117","74","0","7","204"
"    Percent Distribution","","","","","","","",""
"        Estimate","13,471","89.6%","0.3%","0.9%","0.5%","0.0%","0.1%","1.5%"
"    Mean income (dollars)","","","","","","","",""
"        Estimate","21,848","22,254","4,802","21,826","3,866","-","N","23,385"
"Hamblen County, Tennessee","","","","","","","",""
"    Number","","","","","","","",""
"        Estimate","64,184","56,189","2,372","232","598","359","1,476","7,729"
"    Percent Distribution","","","","","","","",""
"        Estimate","64,184","87.5%","3.7%","0.4%","0.9%","0.6%","2.3%","12.0%"
"    Mean income (dollars)","","","","","","","",""
"        Estimate","25,056","26,612","15,111","17,550","29,497","N","10,038","11,248"
"Hamilton County, Tennessee","","","","","","","",""
"    Number","","","","","","","",""
"        Estimate","363,790","265,862","67,476","612","7,316","135","6,853","21,870"
"    Percent Distribution","","","","","","","",""
"        Estimate","363,790","73.1%","18.5%","0.2%","2.0%","0.0%","1.9%","6.0%"
"    Mean income (dollars)","","","","","","","",""
"        Estimate","36,964","41,798","22,652","28,265","49,892","19,116","19,795","18,666"
"Hancock County, Tennessee","","","","","","","",""
"    Number","","","","","","","",""
"        Estimate","6,695","6,580","24","0","46","0","21","122"
"    Percent Distribution","","","","","","","",""
"        Estimate","6,695","98.3%","0.4%","0.0%","0.7%","0.0%","0.3%","1.8%"
"    Mean income (dollars)","","","","","","","",""
"        Estimate","26,925","27,234","N","-","N","-","N","3,305"
"Hardeman County, Tennessee","","","","","","","",""
"    Number","","","","","","","",""
"        Estimate","25,612","13,941","10,470","115","202","9","137","499"
"    Percent Distribution","","","","","","","",""
"        Estimate","25,612","54.4%","40.9%","0.4%","0.8%","0.0%","0.5%","1.9%"
"    Mean income (dollars)","","","","","","","",""
"        Estimate","20,591","22,866","18,462","25,630","5,314","-","4,734","6,062"
"Hardin County, Tennessee","","","","","","","",""
"    Number","","","","","","","",""
"        Estimate","26,722","25,048","1,004","93","101","0","0","678"
"    Percent Distribution","","","","","","","",""
"        Estimate","26,722","93.7%","3.8%","0.3%","0.4%","0.0%","0.0%","2.5%"
"    Mean income (dollars)","","","","","","","",""
"        Estimate","25,537","25,681","12,633","48,867","39,150","-","-","13,563"
"Hawkins County, Tennessee","","","","","","","",""
"    Number","","","","","","","",""
"        Estimate","56,803","54,083","819","35","243","62","224","937"
"    Percent Distribution","","","","","","","",""
"        Estimate","56,803","95.2%","1.4%","0.1%","0.4%","0.1%","0.4%","1.6%"
"    Mean income (dollars)","","","","","","","",""
"        Estimate","26,032","26,325","14,105","18,517","25,984","N","17,079","17,972"
"Haywood County, Tennessee","","","","","","","",""
"    Number","","","","","","","",""
"        Estimate","17,912","7,996","9,021","6","29","0","456","786"
"    Percent Distribution","","","","","","","",""
"        Estimate","17,912","44.6%","50.4%","0.0%","0.2%","0.0%","2.5%","4.4%"
"    Mean income (dollars)","","","","","","","",""
"        Estimate","24,308","27,666","21,364","N","N","-","26,232","23,054"
"Henderson County, Tennessee","","","","","","","",""
"    Number","","","","","","","",""
"        Estimate","27,800","24,474","2,260","44","24","17","350","736"
"    Percent Distribution","","","","","","","",""
"        Estimate","27,800","88.0%","8.1%","0.2%","0.1%","0.1%","1.3%","2.6%"
"    Mean income (dollars)","","","","","","","",""
"        Estimate","23,757","24,326","23,927","-","N","-","6,071","14,158"
"Henry County, Tennessee","","","","","","","",""
"    Number","","","","","","","",""
"        Estimate","32,298","28,330","2,398","165","188","1","205","877"
"    Percent Distribution","","","","","","","",""
"        Estimate","32,298","87.7%","7.4%","0.5%","0.6%","0.0%","0.6%","2.7%"
"    Mean income (dollars)","","","","","","","",""
"        Estimate","24,949","25,752","21,953","7,176","9,532","-","22,176","16,772"
"Hickman County, Tennessee","","","","","","","",""
"    Number","","","","","","","",""
"        Estimate","24,848","22,758","1,072","139","106","11","44","673"
"    Percent Distribution","","","","","","","",""
"        Estimate","24,848","91.6%","4.3%","0.6%","0.4%","0.0%","0.2%","2.7%"
"    Mean income (dollars)","","","","","","","",""
"        Estimate","28,160","26,726","7,380","482,806","N","N","N","13,950"
"Houston County, Tennessee","","","","","","","",""
"    Number","","","","","","","",""
"        Estimate","8,238","7,668","317","45","27","21","0","165"
"    Percent Distribution","","","","","","","",""
"        Estimate","8,238","93.1%","3.8%","0.5%","0.3%","0.3%","0.0%","2.0%"
"    Mean income (dollars)","","","","","","","",""
"        Estimate","25,233","25,482","25,065","26,384","N","N","-","N"
"Humphreys County, Tennessee","","","","","","","",""
"    Number","","","","","","","",""
"        Estimate","18,956","17,537","211","75","144","0","162","500"
"    Percent Distribution","","","","","","","",""
"        Estimate","18,956","92.5%","1.1%","0.4%","0.8%","0.0%","0.9%","2.6%"
"    Mean income (dollars)","","","","","","","",""
"        Estimate","26,920","27,831","26,645","21,240","27,232","-","N","11,020"
"Jackson County, Tennessee","","","","","","","",""
"    Number","","","","","","","",""
"        Estimate","11,626","10,971","53","16","0","0","183","264"
"    Percent Distribution","","","","","","","",""
"        Estimate","11,626","94.4%","0.5%","0.1%","0.0%","0.0%","1.6%","2.3%"
"    Mean income (dollars)","","","","","","","",""
"        Estimate","22,872","23,237","14,643","51,238","-","-","14,737","12,630"
"Jefferson County, Tennessee","","","","","","","",""
"    Number","","","","","","","",""
"        Estimate","54,358","50,930","979","30","301","25","398","2,062"
"    Percent Distribution","","","","","","","",""
"        Estimate","54,358","93.7%","1.8%","0.1%","0.6%","0.0%","0.7%","3.8%"
"    Mean income (dollars)","","","","","","","",""
"        Estimate","27,968","28,596","22,560","7,307","30,028","N","8,108","15,931"
"Johnson County, Tennessee","","","","","","","",""
"    Number","","","","","","","",""
"        Estimate","17,912","16,519","703","104","42","0","93","387"
"    Percent Distribution","","","","","","","",""
"        Estimate","17,912","92.2%","3.9%","0.6%","0.2%","0.0%","0.5%","2.2%"
"    Mean income (dollars)","","","","","","","",""
"        Estimate","22,786","23,660","8,430","9,516","16,526","-","14,413","10,545"
"Knox County, Tennessee","","","","","","","",""
"    Number","","","","","","","",""
"        Estimate","475,286","398,831","40,179","728","10,770","261","6,291","21,823"
"    Percent Distribution","","","","","","","",""
"        Estimate","475,286","83.9%","8.5%","0.2%","2.3%","0.1%","1.3%","4.6%"
"    Mean income (dollars)","","","","","","","",""
"        Estimate","36,450","38,615","23,110","29,023","45,675","47,631","19,688","18,693"
"Lake County, Tennessee","","","","","","","",""
"    Number","","","","","","","",""
"        Estimate","7,187","4,824","1,863","47","17","11","91","191"
"    Percent Distribution","","","","","","","",""
"        Estimate","7,187","67.1%","25.9%","0.7%","0.2%","0.2%","1.3%","2.7%"
"    Mean income (dollars)","","","","","","","",""
"        Estimate","16,944","18,822","14,560","-","-","-","18,347","14,911"
"Lauderdale County, Tennessee","","","","","","","",""
"    Number","","","","","","","",""
"        Estimate","25,406","15,552","8,657","129","92","0","169","678"
"    Percent Distribution","","","","","","","",""
"        Estimate","25,406","61.2%","34.1%","0.5%","0.4%","0.0%","0.7%","2.7%"
"    Mean income (dollars)","","","","","","","",""
"        Estimate","20,876","24,275","15,950","14,404","16,282","-","14,867","18,599"
"Lawrence County, Tennessee","","","","","","","",""
"    Number","","","","","","","",""
"        Estimate","43,967","41,373","710","19","190","49","293","1,085"
"    Percent Distribution","","","","","","","",""
"        Estimate","43,967","94.1%","1.6%","0.0%","0.4%","0.1%","0.7%","2.5%"
"    Mean income (dollars)","","","","","","","",""
"        Estimate","24,426","24,982","15,994","34,089","12,752","N","5,454","18,853"
"Lewis County, Tennessee","","","","","","","",""
"    Number","","","","","","","",""
"        Estimate","12,485","11,670","146","0","122","0","109","316"
"    Percent Distribution","","","","","","","",""
"        Estimate","12,485","93.5%","1.2%","0.0%","1.0%","0.0%","0.9%","2.5%"
"    Mean income (dollars)","","","","","","","",""
"        Estimate","22,339","23,007","15,475","-","10,561","-","16,447","22,509"
"Lincoln County, Tennessee","","","","","","","",""
"    Number","","","","","","","",""
"        Estimate","35,042","30,709","2,292","73","222","0","396","1,326"
"    Percent Distribution","","","","","","","",""
"        Estimate","35,042","87.6%","6.5%","0.2%","0.6%","0.0%","1.1%","3.8%"
"    Mean income (dollars)","","","","","","","",""
"        Estimate","30,202","31,525","20,658","44,348","16,864","-","24,599","13,963"
"Loudon County, Tennessee","","","","","","","",""
"    Number","","","","","","","",""
"        Estimate","54,349","49,789","769","82","484","0","717","5,084"
"    Percent Distribution","","","","","","","",""
"        Estimate","54,349","91.6%","1.4%","0.2%","0.9%","0.0%","1.3%","9.4%"
"    Mean income (dollars)","","","","","","","",""
"        Estimate","36,308","37,701","27,867","18,721","22,547","-","23,704","18,428"
"McMinn County, Tennessee","","","","","","","",""
"    Number","","","","","","","",""
"        Estimate","53,065","48,161","2,004","124","445","0","438","2,340"
"    Percent Distribution","","","","","","","",""
"        Estimate","53,065","90.8%","3.8%","0.2%","0.8%","0.0%","0.8%","4.4%"
"    Mean income (dollars)","","","","","","","",""
"        Estimate","27,404","27,886","25,770","20,775","45,543","-","18,013","13,696"
"McNairy County, Tennessee","","","","","","","",""
"    Number","","","","","","","",""
"        Estimate","25,916","23,574","1,507","70","132","0","138","617"
"    Percent Distribution","","","","","","","",""
"        Estimate","25,916","91.0%","5.8%","0.3%","0.5%","0.0%","0.5%","2.4%"
"    Mean income (dollars)","","","","","","","",""
"        Estimate","22,939","23,560","20,596","N","N","-","18,125","35,412"
"Macon County, Tennessee","","","","","","","",""
"    Number","","","","","","","",""
"        Estimate","24,954","23,459","140","39","77","0","408","1,322"
"    Percent Distribution","","","","","","","",""
"        Estimate","24,954","94.0%","0.6%","0.2%","0.3%","0.0%","1.6%","5.3%"
"    Mean income (dollars)","","","","","","","",""
"        Estimate","22,594","23,175","9,339","34,179","22,796","-","7,652","10,378"
"Madison County, Tennessee","","","","","","","",""
"    Number","","","","","","","",""
"        Estimate","98,373","55,229","36,456","70","927","41","2,343","4,042"
"    Percent Distribution","","","","","","","",""
"        Estimate","98,373","56.1%","37.1%","0.1%","0.9%","0.0%","2.4%","4.1%"
"    Mean income (dollars)","","","","","","","",""
"        Estimate","28,677","36,276","19,374","49,804","25,520","N","13,407","14,032"
"Marion County, Tennessee","","","","","","","",""
"    Number","","","","","","","",""
"        Estimate","28,679","26,586","926","4","126","0","165","572"
"    Percent Distribution","","","","","","","",""
"        Estimate","28,679","92.7%","3.2%","0.0%","0.4%","0.0%","0.6%","2.0%"
"    Mean income (dollars)","","","","","","","",""
"        Estimate","27,441","27,589","24,181","N","28,665","-","40,659","20,282"
"Marshall County, Tennessee","","","","","","","",""
"    Number","","","","","","","",""
"        Estimate","33,909","30,376","1,773","94","156","0","406","1,959"
"    Percent Distribution","","","","","","","",""
"        Estimate","33,909","89.6%","5.2%","0.3%","0.5%","0.0%","1.2%","5.8%"
"    Mean income (dollars)","","","","","","","",""
"        Estimate","28,184","29,520","16,971","17,033","32,224","-","5,195","14,293"
"Maury County, Tennessee","","","","","","","",""
"    Number","","","","","","","",""
"        Estimate","99,011","81,541","11,147","230","976","20","423","6,309"
"    Percent Distribution","","","","","","","",""
"        Estimate","99,011","82.4%","11.3%","0.2%","1.0%","0.0%","0.4%","6.4%"
"    Mean income (dollars)","","","","","","","",""
"        Estimate","32,987","34,373","28,385","28,425","43,908","N","17,456","20,724"
"Meigs County, Tennessee","","","","","","","",""
"    Number","","","","","","","",""
"        Estimate","12,622","11,651","321","43","18","0","72","297"
"    Percent Distribution","","","","","","","",""
"        Estimate","12,622","92.3%","2.5%","0.3%","0.1%","0.0%","0.6%","2.4%"
"    Mean income (dollars)","","","","","","","",""
"        Estimate","25,670","25,815","18,913","37,035","N","-","30,486","25,215"
"Monroe County, Tennessee","","","","","","","",""
"    Number","","","","","","","",""
"        Estimate","46,041","42,169","993","68","165","0","504","2,055"
"    Percent Distribution","","","","","","","",""
"        Estimate","46,041","91.6%","2.2%","0.1%","0.4%","0.0%","1.1%","4.5%"
"    Mean income (dollars)","","","","","","","",""
"        Estimate","24,921","24,672","20,281","384,915","63,878","-","21,582","16,263"
"Montgomery County, Tennessee","","","","","","","",""
"    Number","","","","","","","",""
"        Estimate","216,172","145,122","42,838","891","4,844","618","4,388","22,708"
"    Percent Distribution","","","","","","","",""
"        Estimate","216,172","67.1%","19.8%","0.4%","2.2%","0.3%","2.0%","10.5%"
"    Mean income (dollars)","","","","","","","",""
"        Estimate","29,379","31,976","26,976","34,965","27,590","26,670","18,681","22,214"
"Moore County, Tennessee","","","","","","","",""
"    Number","","","","","","","",""
"        Estimate","6,481","6,003","109","51","209","1","11","11"
"    Percent Distribution","","","","","","","",""
"        Estimate","6,481","92.6%","1.7%","0.8%","3.2%","0.0%","0.2%","0.2%"
"    Mean income (dollars)","","","","","","","",""
"        Estimate","31,277","32,577","16,739","13,157","9,412","N","23,945","23,945"
"Morgan County, Tennessee","","","","","","","",""
"    Number","","","","","","","",""
"        Estimate","21,158","19,440","1,179","43","37","15","76","312"
"    Percent Distribution","","","","","","","",""
"        Estimate","21,158","91.9%","5.6%","0.2%","0.2%","0.1%","0.4%","1.5%"
"    Mean income (dollars)","","","","","","","",""
"        Estimate","23,436","25,129","706","19,144","N","-","N","5,041"
"Obion County, Tennessee","","","","","","","",""
"    Number","","","","","","","",""
"        Estimate","30,722","25,251","3,325","30","133","32","561","1,506"
"    Percent Distribution","","","","","","","",""
"        Estimate","30,722","82.2%","10.8%","0.1%","0.4%","0.1%","1.8%","4.9%"
"    Mean income (dollars)","","","","","","","",""
"        Estimate","25,785","28,111","15,779","16,267","18,319","N","16,935","13,130"
"Overton County, Tennessee","","","","","","","",""
"    Number","","","","","","","",""
"        Estimate","22,364","21,606","159","11","51","91","23","379"
"    Percent Distribution","","","","","","","",""
"        Estimate","22,364","96.6%","0.7%","0.0%","0.2%","0.4%","0.1%","1.7%"
"    Mean income (dollars)","","","","","","","",""
"        Estimate","24,741","25,130","8,069","N","17,831","-","52,035","16,285"
"Perry County, Tennessee","","","","","","","",""
"    Number","","","","","","","",""
"        Estimate","8,313","7,602","61","99","188","0","43","81"
"    Percent Distribution","","","","","","","",""
"        Estimate","8,313","91.4%","0.7%","1.2%","2.3%","0.0%","0.5%","1.0%"
"    Mean income (dollars)","","","","","","","",""
"        Estimate","26,153","26,697","11,587","N","9,765","-","N","N"
"Pickett County, Tennessee","","","","","","","",""
"    Number","","","","","","","",""
"        Estimate","5,021","4,865","5","0","0","0","33","138"
"    Percent Distribution","","","","","","","",""
"        Estimate","5,021","96.9%","0.1%","0.0%","0.0%","0.0%","0.7%","2.7%"
"    Mean income (dollars)","","","","","","","",""
"        Estimate","26,486","27,023","N","-","-","-","N","12,470"
"Polk County, Tennessee","","","","","","","",""
"    Number","","","","","","","",""
"        Estimate","17,502","16,299","152","43","33","0","84","387"
"    Percent Distribution","","","","","","","",""
"        Estimate","17,502","93.1%","0.9%","0.2%","0.2%","0.0%","0.5%","2.2%"
"    Mean income (dollars)","","","","","","","",""
"        Estimate","28,838","29,282","13,591","N","56,303","-","6,761","25,019"
"Putnam County, Tennessee","","","","","","","",""
"    Number","","","","","","","",""
"        Estimate","78,955","71,957","1,877","153","887","0","1,502","5,175"
"    Percent Distribution","","","","","","","",""
"        Estimate","78,955","91.1%","2.4%","0.2%","1.1%","0.0%","1.9%","6.6%"
"    Mean income (dollars)","","","","","","","",""
"        Estimate","26,602","27,148","18,265","10,099","31,289","-","27,873","19,035"
"Rhea County, Tennessee","","","","","","","",""
"    Number","","","","","","","",""
"        Estimate","32,723","29,923","601","29","187","0","661","1,732"
"    Percent Distribution","","","","","","","",""
"        Estimate","32,723","91.4%","1.8%","0.1%","0.6%","0.0%","2.0%","5.3%"
"    Mean income (dollars)","","","","","","","",""
"        Estimate","24,815","25,726","18,104","N","8,108","-","25,183","17,531"
"Roane County, Tennessee","","","","","","","",""
"    Number","","","","","","","",""
"        Estimate","53,313","49,557","1,586","286","400","19","185","1,107"
"    Percent Distribution","","","","","","","",""
"        Estimate","53,313","93.0%","3.0%","0.5%","0.8%","0.0%","0.3%","2.1%"
"    Mean income (dollars)","","","","","","","",""
"        Estimate","34,366","34,824","30,254","11,223","41,963","N","27,450","19,775"
"Robertson County, Tennessee","","","","","","","",""
"    Number","","","","","","","",""
"        Estimate","72,309","61,126","5,191","169","486","36","2,958","5,332"
"    Percent Distribution","","","","","","","",""
"        Estimate","72,309","84.5%","7.2%","0.2%","0.7%","0.0%","4.1%","7.4%"
"    Mean income (dollars)","","","","","","","",""
"        Estimate","31,839","33,766","25,178","39,670","27,775","N","16,322","17,190"
"Rutherford County, Tennessee","","","","","","","",""
"    Number","","","","","","","",""
"        Estimate","335,595","246,075","51,136","649","12,022","237","7,926","29,278"
"    Percent Distribution","","","","","","","",""
"        Estimate","335,595","73.3%","15.2%","0.2%","3.6%","0.1%","2.4%","8.7%"
"    Mean income (dollars)","","","","","","","",""
"        Estimate","33,121","36,204","26,742","31,589","28,123","26,442","18,233","20,858"
"Scott County, Tennessee","","","","","","","",""
"    Number","","","","","","","",""
"        Estimate","21,855","21,272","90","35","104","0","12","114"
"    Percent Distribution","","","","","","","",""
"        Estimate","21,855","97.3%","0.4%","0.2%","0.5%","0.0%","0.1%","0.5%"
"    Mean income (dollars)","","","","","","","",""
"        Estimate","20,103","20,333","8,059","N","9,231","-","25,283","8,058"
"Sequatchie County, Tennessee","","","","","","","",""
"    Number","","","","","","","",""
"        Estimate","15,727","14,972","67","39","0","11","300","592"
"    Percent Distribution","","","","","","","",""
"        Estimate","15,727","95.2%","0.4%","0.2%","0.0%","0.1%","1.9%","3.8%"
"    Mean income (dollars)","","","","","","","",""
"        Estimate","24,072","24,323","12,818","30,521","-","N","12,973","11,980"
"Sevier County, Tennessee","","","","","","","",""
"    Number","","","","","","","",""
"        Estimate","98,088","90,766","1,104","209","1,079","23","1,691","6,495"
"    Percent Distribution","","","","","","","",""
"        Estimate","98,088","92.5%","1.1%","0.2%","1.1%","0.0%","1.7%","6.6%"
"    Mean income (dollars)","","","","","","","",""
"        Estimate","28,427","29,176","15,403","29,154","18,670","N","16,807","15,349"
"Shelby County, Tennessee","","","","","","","",""
"    Number","","","","","","","",""
"        Estimate","929,178","348,349","499,760","2,235","25,754","616","26,101","61,285"
"    Percent Distribution","","","","","","","",""
"        Estimate","929,178","37.5%","53.8%","0.2%","2.8%","0.1%","2.8%","6.6%"
"    Mean income (dollars)","","","","","","","",""
"        Estimate","33,287","49,500","22,979","11,601","46,297","40,234","13,401","17,661"
"Smith County, Tennessee","","","","","","","",""
"    Number","","","","","","","",""
"        Estimate","19,820","18,120","459","42","85","0","214","602"
"    Percent Distribution","","","","","","","",""
"        Estimate","19,820","91.4%","2.3%","0.2%","0.4%","0.0%","1.1%","3.0%"
"    Mean income (dollars)","","","","","","","",""
"        Estimate","28,507","29,406","15,764","44,057","23,078","-","19,835","55,367"
"Stewart County, Tennessee","","","","","","","",""
"    Number","","","","","","","",""
"        Estimate","13,569","12,575","39","13","56","176","103","462"
"    Percent Distribution","","","","","","","",""
"        Estimate","13,569","92.7%","0.3%","0.1%","0.4%","1.3%","0.8%","3.4%"
"    Mean income (dollars)","","","","","","","",""
"        Estimate","26,513","27,331","29,254","13,892","24,268","N","20,132","14,343"
"Sullivan County, Tennessee","","","","","","","",""
"    Number","","","","","","","",""
"        Estimate","157,843","148,075","3,033","292","1,123","31","1,070","3,302"
"    Percent Distribution","","","","","","","",""
"        Estimate","157,843","93.8%","1.9%","0.2%","0.7%","0.0%","0.7%","2.1%"
"    Mean income (dollars)","","","","","","","",""
"        Estimate","31,300","31,874","22,889","20,651","42,660","N","24,983","17,267"
"Sumner County, Tennessee","","","","","","","",""
"    Number","","","","","","","",""
"        Estimate","193,036","162,160","15,497","333","2,971","134","3,934","10,454"
"    Percent Distribution","","","","","","","",""
"        Estimate","193,036","84.0%","8.0%","0.2%","1.5%","0.1%","2.0%","5.4%"
"    Mean income (dollars)","","","","","","","",""
"        Estimate","36,931","38,536","27,002","39,017","54,613","37,270","17,768","21,138"
"Tipton County, Tennessee","","","","","","","",""
"    Number","","","","","","","",""
"        Estimate","60,868","46,381","11,198","76","454","0","685","1,750"
"    Percent Distribution","","","","","","","",""
"        Estimate","60,868","76.2%","18.4%","0.1%","0.7%","0.0%","1.1%","2.9%"
"    Mean income (dollars)","","","","","","","",""
"        Estimate","29,552","31,353","24,245","39,018","44,432","-","12,021","24,564"
"Trousdale County, Tennessee","","","","","","","",""
"    Number","","","","","","","",""
"        Estimate","11,463","9,465","1,231","54","23","0","214","354"
"    Percent Distribution","","","","","","","",""
"        Estimate","11,463","82.6%","10.7%","0.5%","0.2%","0.0%","1.9%","3.1%"
"    Mean income (dollars)","","","","","","","",""
"        Estimate","22,234","24,449","10,873","14,426","N","-","N","20,212"
"Unicoi County, Tennessee","","","","","","","",""
"    Number","","","","","","","",""
"        Estimate","17,891","16,948","67","31","17","0","307","1,008"
"    Percent Distribution","","","","","","","",""
"        Estimate","17,891","94.7%","0.4%","0.2%","0.1%","0.0%","1.7%","5.6%"
"    Mean income (dollars)","","","","","","","",""
"        Estimate","25,670","25,920","25,603","N","-","-","8,121","23,469"
"Union County, Tennessee","","","","","","","",""
"    Number","","","","","","","",""
"        Estimate","19,597","18,865","115","0","8","9","65","362"
"    Percent Distribution","","","","","","","",""
"        Estimate","19,597","96.3%","0.6%","0.0%","0.0%","0.0%","0.3%","1.8%"
"    Mean income (dollars)","","","","","","","",""
"        Estimate","26,390","26,441","10,379","-","N","N","18,395","19,131"
"Van Buren County, Tennessee","","","","","","","",""
"    Number","","","","","","","",""
"        Estimate","6,083","5,800","7","46","0","0","35","65"
"    Percent Distribution","","","","","","","",""
"        Estimate","6,083","95.3%","0.1%","0.8%","0.0%","0.0%","0.6%","1.1%"
"    Mean income (dollars)","","","","","","","",""
"        Estimate","22,144","22,285","N","N","-","-","N","14,740"
"Warren County, Tennessee","","","","","","","",""
"    Number","","","","","","","",""
"        Estimate","40,801","36,193","1,261","142","268","29","1,326","3,823"
"    Percent Distribution","","","","","","","",""
"        Estimate","40,801","88.7%","3.1%","0.3%","0.7%","0.1%","3.2%","9.4%"
"    Mean income (dollars)","","","","","","","",""
"        Estimate","24,932","26,019","16,343","7,104","18,616","N","13,965","15,876"
"Washington County, Tennessee","","","","","","","",""
"    Number","","","","","","","",""
"        Estimate","132,067","118,143","5,427","208","2,195","0","1,422","4,942"
"    Percent Distribution","","","","","","","",""
"        Estimate","132,067","89.5%","4.1%","0.2%","1.7%","0.0%","1.1%","3.7%"
"    Mean income (dollars)","","","","","","","",""
"        Estimate","32,225","33,463","19,329","10,086","43,638","-","15,999","17,057"
"Wayne County, Tennessee","","","","","","","",""
"    Number","","","","","","","",""
"        Estimate","16,350","14,796","955","11","63","27","99","360"
"    Percent Distribution","","","","","","","",""
"        Estimate","16,350","90.5%","5.8%","0.1%","0.4%","0.2%","0.6%","2.2%"
"    Mean income (dollars)","","","","","","","",""
"        Estimate","23,699","24,460","10,543","-","N","-","9,976","16,997"
"Weakley County, Tennessee","","","","","","","",""
"    Number","","","","","","","",""
"        Estimate","32,948","28,916","2,610","108","369","20","306","946"
"    Percent Distribution","","","","","","","",""
"        Estimate","32,948","87.8%","7.9%","0.3%","1.1%","0.1%","0.9%","2.9%"
"    Mean income (dollars)","","","","","","","",""
"        Estimate","24,744","25,646","14,695","30,498","32,663","N","15,695","20,123"
"White County, Tennessee","","","","","","","",""
"    Number","","","","","","","",""
"        Estimate","27,134","25,645","478","37","68","49","117","747"
"    Percent Distribution","","","","","","","",""
"        Estimate","27,134","94.5%","1.8%","0.1%","0.3%","0.2%","0.4%","2.8%"
"    Mean income (dollars)","","","","","","","",""
"        Estimate","24,100","24,449","18,458","N","32,999","N","9,380","11,161"
"Williamson County, Tennessee","","","","","","","",""
"    Number","","","","","","","",""
"        Estimate","242,386","207,982","9,794","482","11,891","74","2,464","12,061"
"    Percent Distribution","","","","","","","",""
"        Estimate","242,386","85.8%","4.0%","0.2%","4.9%","0.0%","1.0%","5.0%"
"    Mean income (dollars)","","","","","","","",""
"        Estimate","56,545","57,999","48,780","28,182","55,350","-","49,173","35,584"
"Wilson County, Tennessee","","","","","","","",""
"    Number","","","","","","","",""
"        Estimate","144,748","123,111","9,846","465","2,589","30","2,794","6,863"
"    Percent Distribution","","","","","","","",""
"        Estimate","144,748","85.1%","6.8%","0.3%","1.8%","0.0%","1.9%","4.7%"
"    Mean income (dollars)","","","","","","","",""
"        Estimate","39,449","38,706","34,002","34,908","33,716","N","130,263","20,639"