Year,County,Population_Type,Population,Percent,Income
2023,"Anderson County, Tennessee",Total_population,"78,175",100%,"35,460"
2023,"Anderson County, Tennessee",White,"68,537",87.70%,"36,686"
2023,"Anderson County, Tennessee",Black,"2,641",3.40%,"29,889"
2023,"Anderson County, Tennessee",American_Indian_and_Alaska_Native,251,0.30%,"30,179"
2023,"Anderson County, Tennessee",Asian,"1,084",1.40%,"37,137"
2023,"Anderson County, Tennessee",Native_Hawaiian_and_Other_Pacific_Islander,80,0.10%,N
2023,"Anderson County, Tennessee",other_race,"1,035",1.30%,"25,049"
2023,"Anderson County, Tennessee",Hispanic_or_Latino_origin,"3,000",3.80%,"24,232"
2023,"Bedford County, Tennessee",Total_population,"51,291",100%,"29,468"
2023,"Bedford County, Tennessee",White,"40,832",79.60%,"31,565"
2023,"Bedford County, Tennessee",Black,"3,661",7.10%,"25,255"
2023,"Bedford County, Tennessee",American_Indian_and_Alaska_Native,617,1.20%,"1,817"
2023,"Bedford County, Tennessee",Asian,382,0.70%,"29,636"
2023,"Bedford County, Tennessee",Native_Hawaiian_and_Other_Pacific_Islander,0,0.00%,-
2023,"Bedford County, Tennessee",other_race,"1,496",2.90%,"12,756"
2023,"Bedford County, Tennessee",Hispanic_or_Latino_origin,"7,968",15.50%,"18,149"
2023,"Benton County, Tennessee",Total_population,"15,948",100%,"28,169"
2023,"Benton County, Tennessee",White,"14,754",92.50%,"28,768"
2023,"Benton County, Tennessee",Black,289,1.80%,"32,792"
2023,"Benton County, Tennessee",American_Indian_and_Alaska_Native,47,0.30%,N
2023,"Benton County, Tennessee",Asian,145,0.90%,"14,368"
2023,"Benton County, Tennessee",Native_Hawaiian_and_Other_Pacific_Islander,85,0.50%,N
2023,"Benton County, Tennessee",other_race,25,0.20%,N
2023,"Benton County, Tennessee",Hispanic_or_Latino_origin,430,2.70%,"11,259"
2023,"Bledsoe County, Tennessee",Total_population,"14,905",100%,"23,547"
2023,"Bledsoe County, Tennessee",White,"13,197",88.50%,"24,591"
2023,"Bledsoe County, Tennessee",Black,815,5.50%,"15,299"
2023,"Bledsoe County, Tennessee",American_Indian_and_Alaska_Native,41,0.30%,"7,800"
2023,"Bledsoe County, Tennessee",Asian,8,0.10%,-
2023,"Bledsoe County, Tennessee",Native_Hawaiian_and_Other_Pacific_Islander,0,0.00%,-
2023,"Bledsoe County, Tennessee",other_race,97,0.70%,"22,072"
2023,"Bledsoe County, Tennessee",Hispanic_or_Latino_origin,495,3.30%,"20,882"
2023,"Blount County, Tennessee",Total_population,"137,747",100%,"38,705"
2023,"Blount County, Tennessee",White,"124,541",90.40%,"39,378"
2023,"Blount County, Tennessee",Black,"3,573",2.60%,"34,682"
2023,"Blount County, Tennessee",American_Indian_and_Alaska_Native,108,0.10%,"32,031"
2023,"Blount County, Tennessee",Asian,"1,067",0.80%,"63,539"
2023,"Blount County, Tennessee",Native_Hawaiian_and_Other_Pacific_Islander,51,0.00%,"45,722"
2023,"Blount County, Tennessee",other_race,"1,179",0.90%,"21,733"
2023,"Blount County, Tennessee",Hispanic_or_Latino_origin,"6,097",4.40%,"27,187"
2023,"Bradley County, Tennessee",Total_population,"109,743",100%,"32,249"
2023,"Bradley County, Tennessee",White,"93,195",84.90%,"33,190"
2023,"Bradley County, Tennessee",Black,"5,670",5.20%,"20,418"
2023,"Bradley County, Tennessee",American_Indian_and_Alaska_Native,187,0.20%,"63,891"
2023,"Bradley County, Tennessee",Asian,"1,194",1.10%,"84,073"
2023,"Bradley County, Tennessee",Native_Hawaiian_and_Other_Pacific_Islander,10,0.00%,-
2023,"Bradley County, Tennessee",other_race,"3,207",2.90%,"22,240"
2023,"Bradley County, Tennessee",Hispanic_or_Latino_origin,"8,827",8.00%,"23,217"
2023,"Campbell County, Tennessee",Total_population,"39,568",100%,"28,414"
2023,"Campbell County, Tennessee",White,"38,023",96.10%,"28,469"
2023,"Campbell County, Tennessee",Black,134,0.30%,"18,424"
2023,"Campbell County, Tennessee",American_Indian_and_Alaska_Native,58,0.10%,"14,976"
2023,"Campbell County, Tennessee",Asian,164,0.40%,"24,607"
2023,"Campbell County, Tennessee",Native_Hawaiian_and_Other_Pacific_Islander,15,0.00%,"48,867"
2023,"Campbell County, Tennessee",other_race,176,0.40%,"28,755"
2023,"Campbell County, Tennessee",Hispanic_or_Latino_origin,576,1.50%,"19,238"
2023,"Cannon County, Tennessee",Total_population,"14,661",100%,"29,745"
2023,"Cannon County, Tennessee",White,"13,797",94.10%,"29,839"
2023,"Cannon County, Tennessee",Black,352,2.40%,"10,616"
2023,"Cannon County, Tennessee",American_Indian_and_Alaska_Native,31,0.20%,"82,019"
2023,"Cannon County, Tennessee",Asian,0,0.00%,-
2023,"Cannon County, Tennessee",Native_Hawaiian_and_Other_Pacific_Islander,3,0.00%,-
2023,"Cannon County, Tennessee",other_race,92,0.60%,"37,170"
2023,"Cannon County, Tennessee",Hispanic_or_Latino_origin,428,2.90%,"31,946"
2023,"Carroll County, Tennessee",Total_population,"28,461",100%,"27,126"
2023,"Carroll County, Tennessee",White,"24,395",85.70%,"28,393"
2023,"Carroll County, Tennessee",Black,"2,533",8.90%,"21,904"
2023,"Carroll County, Tennessee",American_Indian_and_Alaska_Native,38,0.10%,"21,700"
2023,"Carroll County, Tennessee",Asian,79,0.30%,"14,791"
2023,"Carroll County, Tennessee",Native_Hawaiian_and_Other_Pacific_Islander,0,0.00%,-
2023,"Carroll County, Tennessee",other_race,143,0.50%,"31,140"
2023,"Carroll County, Tennessee",Hispanic_or_Latino_origin,849,3.00%,"19,176"
2023,"Carter County, Tennessee",Total_population,"56,462",100%,"29,232"
2023,"Carter County, Tennessee",White,"53,247",94.30%,"29,795"
2023,"Carter County, Tennessee",Black,"1,151",2.00%,"17,893"
2023,"Carter County, Tennessee",American_Indian_and_Alaska_Native,76,0.10%,"19,821"
2023,"Carter County, Tennessee",Asian,142,0.30%,"47,783"
2023,"Carter County, Tennessee",Native_Hawaiian_and_Other_Pacific_Islander,19,0.00%,N
2023,"Carter County, Tennessee",other_race,351,0.60%,"20,324"
2023,"Carter County, Tennessee",Hispanic_or_Latino_origin,"1,327",2.40%,"19,577"
2023,"Cheatham County, Tennessee",Total_population,"41,500",100%,"38,581"
2023,"Cheatham County, Tennessee",White,"37,534",90.40%,"39,877"
2023,"Cheatham County, Tennessee",Black,973,2.30%,"30,929"
2023,"Cheatham County, Tennessee",American_Indian_and_Alaska_Native,83,0.20%,"19,604"
2023,"Cheatham County, Tennessee",Asian,270,0.70%,"35,709"
2023,"Cheatham County, Tennessee",Native_Hawaiian_and_Other_Pacific_Islander,10,0.00%,N
2023,"Cheatham County, Tennessee",other_race,803,1.90%,"23,149"
2023,"Cheatham County, Tennessee",Hispanic_or_Latino_origin,"1,903",4.60%,"30,033"
2023,"Chester County, Tennessee",Total_population,"17,452",100%,"27,480"
2023,"Chester County, Tennessee",White,"14,842",85.00%,"28,637"
2023,"Chester County, Tennessee",Black,"1,713",9.80%,"20,155"
2023,"Chester County, Tennessee",American_Indian_and_Alaska_Native,31,0.20%,N
2023,"Chester County, Tennessee",Asian,31,0.20%,N
2023,"Chester County, Tennessee",Native_Hawaiian_and_Other_Pacific_Islander,0,0.00%,-
2023,"Chester County, Tennessee",other_race,244,1.40%,"26,818"
2023,"Chester County, Tennessee",Hispanic_or_Latino_origin,546,3.10%,"15,349"
2023,"Claiborne County, Tennessee",Total_population,"32,221",100%,"27,552"
2023,"Claiborne County, Tennessee",White,"30,563",94.90%,"28,119"
2023,"Claiborne County, Tennessee",Black,237,0.70%,"15,709"
2023,"Claiborne County, Tennessee",American_Indian_and_Alaska_Native,13,0.00%,"16,031"
2023,"Claiborne County, Tennessee",Asian,256,0.80%,"18,797"
2023,"Claiborne County, Tennessee",Native_Hawaiian_and_Other_Pacific_Islander,0,0.00%,-
2023,"Claiborne County, Tennessee",other_race,20,0.10%,N
2023,"Claiborne County, Tennessee",Hispanic_or_Latino_origin,516,1.60%,"20,272"
2023,"Clay County, Tennessee",Total_population,"7,621",100%,"23,401"
2023,"Clay County, Tennessee",White,"7,199",94.50%,"23,810"
2023,"Clay County, Tennessee",Black,72,0.90%,"14,881"
2023,"Clay County, Tennessee",American_Indian_and_Alaska_Native,17,0.20%,N
2023,"Clay County, Tennessee",Asian,73,1.00%,N
2023,"Clay County, Tennessee",Native_Hawaiian_and_Other_Pacific_Islander,0,0.00%,-
2023,"Clay County, Tennessee",other_race,130,1.70%,N
2023,"Clay County, Tennessee",Hispanic_or_Latino_origin,154,2.00%,"13,896"
2023,"Cocke County, Tennessee",Total_population,"36,503",100%,"27,442"
2023,"Cocke County, Tennessee",White,"34,142",93.50%,"28,119"
2023,"Cocke County, Tennessee",Black,553,1.50%,"28,484"
2023,"Cocke County, Tennessee",American_Indian_and_Alaska_Native,175,0.50%,"15,271"
2023,"Cocke County, Tennessee",Asian,183,0.50%,"11,251"
2023,"Cocke County, Tennessee",Native_Hawaiian_and_Other_Pacific_Islander,28,0.10%,N
2023,"Cocke County, Tennessee",other_race,201,0.60%,"21,077"
2023,"Cocke County, Tennessee",Hispanic_or_Latino_origin,"1,066",2.90%,"23,328"
2023,"Coffee County, Tennessee",Total_population,"58,940",100%,"29,543"
2023,"Coffee County, Tennessee",White,"51,589",87.50%,"30,967"
2023,"Coffee County, Tennessee",Black,"2,407",4.10%,"18,103"
2023,"Coffee County, Tennessee",American_Indian_and_Alaska_Native,12,0.00%,"9,383"
2023,"Coffee County, Tennessee",Asian,744,1.30%,"28,762"
2023,"Coffee County, Tennessee",Native_Hawaiian_and_Other_Pacific_Islander,20,0.00%,"32,630"
2023,"Coffee County, Tennessee",other_race,"1,032",1.80%,"24,209"
2023,"Coffee County, Tennessee",Hispanic_or_Latino_origin,"3,527",6.00%,"18,699"
2023,"Crockett County, Tennessee",Total_population,"13,937",100%,"32,495"
2023,"Crockett County, Tennessee",White,"10,245",73.50%,"33,243"
2023,"Crockett County, Tennessee",Black,"1,493",10.70%,"46,879"
2023,"Crockett County, Tennessee",American_Indian_and_Alaska_Native,97,0.70%,N
2023,"Crockett County, Tennessee",Asian,66,0.50%,"66,320"
2023,"Crockett County, Tennessee",Native_Hawaiian_and_Other_Pacific_Islander,11,0.10%,N
2023,"Crockett County, Tennessee",other_race,692,5.00%,"17,630"
2023,"Crockett County, Tennessee",Hispanic_or_Latino_origin,"1,560",11.20%,"21,336"
2023,"Cumberland County, Tennessee",Total_population,"62,529",100%,"32,517"
2023,"Cumberland County, Tennessee",White,"59,368",94.90%,"33,074"
2023,"Cumberland County, Tennessee",Black,693,1.10%,"11,969"
2023,"Cumberland County, Tennessee",American_Indian_and_Alaska_Native,71,0.10%,"16,538"
2023,"Cumberland County, Tennessee",Asian,222,0.40%,"30,239"
2023,"Cumberland County, Tennessee",Native_Hawaiian_and_Other_Pacific_Islander,275,0.40%,N
2023,"Cumberland County, Tennessee",other_race,210,0.30%,"26,713"
2023,"Cumberland County, Tennessee",Hispanic_or_Latino_origin,"2,106",3.40%,"18,213"
2023,"Davidson County, Tennessee",Total_population,"709,846",100%,"48,394"
2023,"Davidson County, Tennessee",White,"404,978",57.10%,"60,560"
2023,"Davidson County, Tennessee",Black,"178,861",25.20%,"31,691"
2023,"Davidson County, Tennessee",American_Indian_and_Alaska_Native,"2,385",0.30%,"27,776"
2023,"Davidson County, Tennessee",Asian,"24,115",3.40%,"52,344"
2023,"Davidson County, Tennessee",Native_Hawaiian_and_Other_Pacific_Islander,350,0.00%,"40,656"
2023,"Davidson County, Tennessee",other_race,"34,417",4.80%,"21,335"
2023,"Davidson County, Tennessee",Hispanic_or_Latino_origin,"96,481",13.60%,"24,830"
2023,"Decatur County, Tennessee",Total_population,"11,499",100%,"26,073"
2023,"Decatur County, Tennessee",White,"10,530",91.60%,"27,177"
2023,"Decatur County, Tennessee",Black,353,3.10%,"12,297"
2023,"Decatur County, Tennessee",American_Indian_and_Alaska_Native,9,0.10%,N
2023,"Decatur County, Tennessee",Asian,108,0.90%,"16,827"
2023,"Decatur County, Tennessee",Native_Hawaiian_and_Other_Pacific_Islander,0,0.00%,-
2023,"Decatur County, Tennessee",other_race,67,0.60%,"4,116"
2023,"Decatur County, Tennessee",Hispanic_or_Latino_origin,406,3.50%,"11,888"
2023,"DeKalb County, Tennessee",Total_population,"20,551",100%,"28,137"
2023,"DeKalb County, Tennessee",White,"18,246",88.80%,"29,495"
2023,"DeKalb County, Tennessee",Black,377,1.80%,"13,089"
2023,"DeKalb County, Tennessee",American_Indian_and_Alaska_Native,89,0.40%,"11,610"
2023,"DeKalb County, Tennessee",Asian,167,0.80%,"11,929"
2023,"DeKalb County, Tennessee",Native_Hawaiian_and_Other_Pacific_Islander,0,0.00%,-
2023,"DeKalb County, Tennessee",other_race,886,4.30%,"13,351"
2023,"DeKalb County, Tennessee",Hispanic_or_Latino_origin,"1,551",7.50%,"17,461"
2023,"Dickson County, Tennessee",Total_population,"55,197",100%,"37,163"
2023,"Dickson County, Tennessee",White,"49,604",89.90%,"37,166"
2023,"Dickson County, Tennessee",Black,"2,191",4.00%,"62,802"
2023,"Dickson County, Tennessee",American_Indian_and_Alaska_Native,97,0.20%,"23,060"
2023,"Dickson County, Tennessee",Asian,51,0.10%,"50,888"
2023,"Dickson County, Tennessee",Native_Hawaiian_and_Other_Pacific_Islander,0,0.00%,-
2023,"Dickson County, Tennessee",other_race,689,1.20%,"33,877"
2023,"Dickson County, Tennessee",Hispanic_or_Latino_origin,"2,688",4.90%,"24,712"
2023,"Dyer County, Tennessee",Total_population,"36,681",100%,"37,628"
2023,"Dyer County, Tennessee",White,"28,532",77.80%,"38,277"
2023,"Dyer County, Tennessee",Black,"5,459",14.90%,"20,059"
2023,"Dyer County, Tennessee",American_Indian_and_Alaska_Native,25,0.10%,"22,400"
2023,"Dyer County, Tennessee",Asian,140,0.40%,"37,697"
2023,"Dyer County, Tennessee",Native_Hawaiian_and_Other_Pacific_Islander,12,0.00%,N
2023,"Dyer County, Tennessee",other_race,592,1.60%,"50,137"
2023,"Dyer County, Tennessee",Hispanic_or_Latino_origin,"1,404",3.80%,"108,495"
2023,"Fayette County, Tennessee",Total_population,"42,653",100%,"42,294"
2023,"Fayette County, Tennessee",White,"28,407",66.60%,"49,844"
2023,"Fayette County, Tennessee",Black,"11,500",27.00%,"26,691"
2023,"Fayette County, Tennessee",American_Indian_and_Alaska_Native,26,0.10%,"36,835"
2023,"Fayette County, Tennessee",Asian,270,0.60%,"58,760"
2023,"Fayette County, Tennessee",Native_Hawaiian_and_Other_Pacific_Islander,0,0.00%,-
2023,"Fayette County, Tennessee",other_race,914,2.10%,"32,395"
2023,"Fayette County, Tennessee",Hispanic_or_Latino_origin,"1,542",3.60%,"28,118"
2023,"Fentress County, Tennessee",Total_population,"18,948",100%,"24,283"
2023,"Fentress County, Tennessee",White,"18,023",95.10%,"24,616"
2023,"Fentress County, Tennessee",Black,57,0.30%,"12,086"
2023,"Fentress County, Tennessee",American_Indian_and_Alaska_Native,15,0.10%,N
2023,"Fentress County, Tennessee",Asian,42,0.20%,"14,971"
2023,"Fentress County, Tennessee",Native_Hawaiian_and_Other_Pacific_Islander,14,0.10%,N
2023,"Fentress County, Tennessee",other_race,49,0.30%,"44,186"
2023,"Fentress County, Tennessee",Hispanic_or_Latino_origin,374,2.00%,"15,753"
2023,"Franklin County, Tennessee",Total_population,"43,478",100%,"32,926"
2023,"Franklin County, Tennessee",White,"38,529",88.60%,"33,574"
2023,"Franklin County, Tennessee",Black,"2,015",4.60%,"29,655"
2023,"Franklin County, Tennessee",American_Indian_and_Alaska_Native,155,0.40%,"33,652"
2023,"Franklin County, Tennessee",Asian,336,0.80%,"30,384"
2023,"Franklin County, Tennessee",Native_Hawaiian_and_Other_Pacific_Islander,0,0.00%,-
2023,"Franklin County, Tennessee",other_race,635,1.50%,"25,306"
2023,"Franklin County, Tennessee",Hispanic_or_Latino_origin,"1,604",3.70%,"26,035"
2023,"Gibson County, Tennessee",Total_population,"50,610",100%,"29,139"
2023,"Gibson County, Tennessee",White,"38,495",76.10%,"31,199"
2023,"Gibson County, Tennessee",Black,"7,600",15.00%,"22,807"
2023,"Gibson County, Tennessee",American_Indian_and_Alaska_Native,287,0.60%,"35,680"
2023,"Gibson County, Tennessee",Asian,140,0.30%,"47,472"
2023,"Gibson County, Tennessee",Native_Hawaiian_and_Other_Pacific_Islander,10,0.00%,N
2023,"Gibson County, Tennessee",other_race,657,1.30%,"17,391"
2023,"Gibson County, Tennessee",Hispanic_or_Latino_origin,"1,607",3.20%,"17,138"
2023,"Giles County, Tennessee",Total_population,"30,442",100%,"34,348"
2023,"Giles County, Tennessee",White,"25,740",84.60%,"36,194"
2023,"Giles County, Tennessee",Black,"2,618",8.60%,"22,396"
2023,"Giles County, Tennessee",American_Indian_and_Alaska_Native,40,0.10%,"57,395"
2023,"Giles County, Tennessee",Asian,115,0.40%,"11,794"
2023,"Giles County, Tennessee",Native_Hawaiian_and_Other_Pacific_Islander,0,0.00%,-
2023,"Giles County, Tennessee",other_race,386,1.30%,"13,051"
2023,"Giles County, Tennessee",Hispanic_or_Latino_origin,844,2.80%,"19,947"
2023,"Grainger County, Tennessee",Total_population,"23,929",100%,"28,789"
2023,"Grainger County, Tennessee",White,"22,978",96.00%,"28,482"
2023,"Grainger County, Tennessee",Black,269,1.10%,"22,530"
2023,"Grainger County, Tennessee",American_Indian_and_Alaska_Native,41,0.20%,"16,815"
2023,"Grainger County, Tennessee",Asian,34,0.10%,"182,321"
2023,"Grainger County, Tennessee",Native_Hawaiian_and_Other_Pacific_Islander,112,0.50%,N
2023,"Grainger County, Tennessee",other_race,35,0.10%,"10,397"
2023,"Grainger County, Tennessee",Hispanic_or_Latino_origin,840,3.50%,"37,552"
2023,"Greene County, Tennessee",Total_population,"70,919",100%,"30,170"
2023,"Greene County, Tennessee",White,"65,389",92.20%,"30,827"
2023,"Greene County, Tennessee",Black,"1,371",1.90%,"33,720"
2023,"Greene County, Tennessee",American_Indian_and_Alaska_Native,144,0.20%,"14,363"
2023,"Greene County, Tennessee",Asian,392,0.60%,"27,241"
2023,"Greene County, Tennessee",Native_Hawaiian_and_Other_Pacific_Islander,67,0.10%,"49,690"
2023,"Greene County, Tennessee",other_race,575,0.80%,"33,964"
2023,"Greene County, Tennessee",Hispanic_or_Latino_origin,"2,662",3.80%,"17,317"
2023,"Grundy County, Tennessee",Total_population,"13,665",100%,"24,411"
2023,"Grundy County, Tennessee",White,"12,920",94.50%,"24,046"
2023,"Grundy County, Tennessee",Black,59,0.40%,"18,724"
2023,"Grundy County, Tennessee",American_Indian_and_Alaska_Native,12,0.10%,"44,717"
2023,"Grundy County, Tennessee",Asian,49,0.40%,"3,727"
2023,"Grundy County, Tennessee",Native_Hawaiian_and_Other_Pacific_Islander,0,0.00%,-
2023,"Grundy County, Tennessee",other_race,2,0.00%,N
2023,"Grundy County, Tennessee",Hispanic_or_Latino_origin,231,1.70%,"54,749"
2023,"Hamblen County, Tennessee",Total_population,"64,930",100%,"30,120"
2023,"Hamblen County, Tennessee",White,"53,306",82.10%,"32,659"
2023,"Hamblen County, Tennessee",Black,"1,737",2.70%,"20,676"
2023,"Hamblen County, Tennessee",American_Indian_and_Alaska_Native,225,0.30%,"22,479"
2023,"Hamblen County, Tennessee",Asian,581,0.90%,"68,387"
2023,"Hamblen County, Tennessee",Native_Hawaiian_and_Other_Pacific_Islander,459,0.70%,"19,486"
2023,"Hamblen County, Tennessee",other_race,"2,488",3.80%,"13,614"
2023,"Hamblen County, Tennessee",Hispanic_or_Latino_origin,"9,561",14.70%,"14,629"
2023,"Hamilton County, Tennessee",Total_population,"370,913",100%,"43,484"
2023,"Hamilton County, Tennessee",White,"263,665",71.10%,"49,596"
2023,"Hamilton County, Tennessee",Black,"65,155",17.60%,"27,342"
2023,"Hamilton County, Tennessee",American_Indian_and_Alaska_Native,734,0.20%,"28,210"
2023,"Hamilton County, Tennessee",Asian,"7,230",1.90%,"58,838"
2023,"Hamilton County, Tennessee",Native_Hawaiian_and_Other_Pacific_Islander,113,0.00%,"24,500"
2023,"Hamilton County, Tennessee",other_race,"10,910",2.90%,"22,110"
2023,"Hamilton County, Tennessee",Hispanic_or_Latino_origin,"28,357",7.60%,"22,098"
2023,"Hancock County, Tennessee",Total_population,"6,790",100%,"24,037"
2023,"Hancock County, Tennessee",White,"6,574",96.80%,"24,416"
2023,"Hancock County, Tennessee",Black,30,0.40%,"32,293"
2023,"Hancock County, Tennessee",American_Indian_and_Alaska_Native,0,0.00%,-
2023,"Hancock County, Tennessee",Asian,25,0.40%,N
2023,"Hancock County, Tennessee",Native_Hawaiian_and_Other_Pacific_Islander,0,0.00%,-
2023,"Hancock County, Tennessee",other_race,22,0.30%,N
2023,"Hancock County, Tennessee",Hispanic_or_Latino_origin,74,1.10%,"7,151"
2023,"Hardeman County, Tennessee",Total_population,"25,477",100%,"22,580"
2023,"Hardeman County, Tennessee",White,"13,772",54.10%,"25,500"
2023,"Hardeman County, Tennessee",Black,"10,245",40.20%,"19,903"
2023,"Hardeman County, Tennessee",American_Indian_and_Alaska_Native,21,0.10%,633
2023,"Hardeman County, Tennessee",Asian,115,0.50%,"3,976"
2023,"Hardeman County, Tennessee",Native_Hawaiian_and_Other_Pacific_Islander,5,0.00%,-
2023,"Hardeman County, Tennessee",other_race,170,0.70%,"7,402"
2023,"Hardeman County, Tennessee",Hispanic_or_Latino_origin,530,2.10%,"8,614"
2023,"Hardin County, Tennessee",Total_population,"26,939",100%,"27,876"
2023,"Hardin County, Tennessee",White,"24,924",92.50%,"28,058"
2023,"Hardin County, Tennessee",Black,820,3.00%,"15,299"
2023,"Hardin County, Tennessee",American_Indian_and_Alaska_Native,63,0.20%,"64,924"
2023,"Hardin County, Tennessee",Asian,13,0.00%,"23,915"
2023,"Hardin County, Tennessee",Native_Hawaiian_and_Other_Pacific_Islander,0,0.00%,-
2023,"Hardin County, Tennessee",other_race,92,0.30%,"29,460"
2023,"Hardin County, Tennessee",Hispanic_or_Latino_origin,649,2.40%,"15,625"
2023,"Hawkins County, Tennessee",Total_population,"57,446",100%,"29,206"
2023,"Hawkins County, Tennessee",White,"54,282",94.50%,"29,592"
2023,"Hawkins County, Tennessee",Black,694,1.20%,"23,416"
2023,"Hawkins County, Tennessee",American_Indian_and_Alaska_Native,33,0.10%,"23,015"
2023,"Hawkins County, Tennessee",Asian,280,0.50%,"24,970"
2023,"Hawkins County, Tennessee",Native_Hawaiian_and_Other_Pacific_Islander,0,0.00%,-
2023,"Hawkins County, Tennessee",other_race,229,0.40%,"23,362"
2023,"Hawkins County, Tennessee",Hispanic_or_Latino_origin,"1,058",1.80%,"13,435"
2023,"Haywood County, Tennessee",Total_population,"17,672",100%,"25,554"
2023,"Haywood County, Tennessee",White,"7,697",43.60%,"30,492"
2023,"Haywood County, Tennessee",Black,"8,861",50.10%,"21,211"
2023,"Haywood County, Tennessee",American_Indian_and_Alaska_Native,7,0.00%,N
2023,"Haywood County, Tennessee",Asian,17,0.10%,N
2023,"Haywood County, Tennessee",Native_Hawaiian_and_Other_Pacific_Islander,0,0.00%,-
2023,"Haywood County, Tennessee",other_race,666,3.80%,"24,980"
2023,"Haywood County, Tennessee",Hispanic_or_Latino_origin,834,4.70%,"24,389"
2023,"Henderson County, Tennessee",Total_population,"27,906",100%,"27,722"
2023,"Henderson County, Tennessee",White,"24,498",87.80%,"28,210"
2023,"Henderson County, Tennessee",Black,"2,125",7.60%,"28,630"
2023,"Henderson County, Tennessee",American_Indian_and_Alaska_Native,31,0.10%,N
2023,"Henderson County, Tennessee",Asian,35,0.10%,N
2023,"Henderson County, Tennessee",Native_Hawaiian_and_Other_Pacific_Islander,0,0.00%,-
2023,"Henderson County, Tennessee",other_race,250,0.90%,"10,247"
2023,"Henderson County, Tennessee",Hispanic_or_Latino_origin,793,2.80%,"16,890"
2023,"Henry County, Tennessee",Total_population,"32,345",100%,"29,136"
2023,"Henry County, Tennessee",White,"28,274",87.40%,"30,305"
2023,"Henry County, Tennessee",Black,"2,335",7.20%,"23,344"
2023,"Henry County, Tennessee",American_Indian_and_Alaska_Native,187,0.60%,"7,933"
2023,"Henry County, Tennessee",Asian,212,0.70%,"17,478"
2023,"Henry County, Tennessee",Native_Hawaiian_and_Other_Pacific_Islander,23,0.10%,N
2023,"Henry County, Tennessee",other_race,209,0.60%,"7,001"
2023,"Henry County, Tennessee",Hispanic_or_Latino_origin,940,2.90%,"21,062"
2023,"Hickman County, Tennessee",Total_population,"25,229",100%,"29,512"
2023,"Hickman County, Tennessee",White,"22,919",90.80%,"28,775"
2023,"Hickman County, Tennessee",Black,911,3.60%,"10,974"
2023,"Hickman County, Tennessee",American_Indian_and_Alaska_Native,148,0.60%,"309,572"
2023,"Hickman County, Tennessee",Asian,132,0.50%,"52,157"
2023,"Hickman County, Tennessee",Native_Hawaiian_and_Other_Pacific_Islander,0,0.00%,-
2023,"Hickman County, Tennessee",other_race,90,0.40%,"58,841"
2023,"Hickman County, Tennessee",Hispanic_or_Latino_origin,782,3.10%,"25,110"
2023,"Houston County, Tennessee",Total_population,"8,293",100%,"30,169"
2023,"Houston County, Tennessee",White,"7,715",93.00%,"28,258"
2023,"Houston County, Tennessee",Black,241,2.90%,"25,515"
2023,"Houston County, Tennessee",American_Indian_and_Alaska_Native,28,0.30%,"35,079"
2023,"Houston County, Tennessee",Asian,30,0.40%,N
2023,"Houston County, Tennessee",Native_Hawaiian_and_Other_Pacific_Islander,0,0.00%,-
2023,"Houston County, Tennessee",other_race,15,0.20%,-
2023,"Houston County, Tennessee",Hispanic_or_Latino_origin,245,3.00%,"2,189"
2023,"Humphreys County, Tennessee",Total_population,"19,074",100%,"30,868"
2023,"Humphreys County, Tennessee",White,"17,290",90.60%,"32,100"
2023,"Humphreys County, Tennessee",Black,370,1.90%,"22,121"
2023,"Humphreys County, Tennessee",American_Indian_and_Alaska_Native,10,0.10%,"36,560"
2023,"Humphreys County, Tennessee",Asian,88,0.50%,"69,351"
2023,"Humphreys County, Tennessee",Native_Hawaiian_and_Other_Pacific_Islander,0,0.00%,-
2023,"Humphreys County, Tennessee",other_race,456,2.40%,"5,664"
2023,"Humphreys County, Tennessee",Hispanic_or_Latino_origin,525,2.80%,"16,697"
2023,"Jackson County, Tennessee",Total_population,"11,882",100%,"27,572"
2023,"Jackson County, Tennessee",White,"11,091",93.30%,"28,070"
2023,"Jackson County, Tennessee",Black,55,0.50%,"20,520"
2023,"Jackson County, Tennessee",American_Indian_and_Alaska_Native,26,0.20%,"108,031"
2023,"Jackson County, Tennessee",Asian,0,0.00%,-
2023,"Jackson County, Tennessee",Native_Hawaiian_and_Other_Pacific_Islander,6,0.10%,N
2023,"Jackson County, Tennessee",other_race,36,0.30%,"30,422"
2023,"Jackson County, Tennessee",Hispanic_or_Latino_origin,302,2.50%,"15,829"
2023,"Jefferson County, Tennessee",Total_population,"55,835",100%,"34,953"
2023,"Jefferson County, Tennessee",White,"51,211",91.70%,"34,821"
2023,"Jefferson County, Tennessee",Black,863,1.50%,"21,605"
2023,"Jefferson County, Tennessee",American_Indian_and_Alaska_Native,24,0.00%,"9,833"
2023,"Jefferson County, Tennessee",Asian,308,0.60%,"50,495"
2023,"Jefferson County, Tennessee",Native_Hawaiian_and_Other_Pacific_Islander,28,0.10%,N
2023,"Jefferson County, Tennessee",other_race,688,1.20%,"119,526"
2023,"Jefferson County, Tennessee",Hispanic_or_Latino_origin,"2,525",4.50%,"46,558"
2023,"Johnson County, Tennessee",Total_population,"18,073",100%,"28,786"
2023,"Johnson County, Tennessee",White,"16,097",89.10%,"29,477"
2023,"Johnson County, Tennessee",Black,677,3.70%,"16,726"
2023,"Johnson County, Tennessee",American_Indian_and_Alaska_Native,107,0.60%,"1,741"
2023,"Johnson County, Tennessee",Asian,34,0.20%,"24,274"
2023,"Johnson County, Tennessee",Native_Hawaiian_and_Other_Pacific_Islander,0,0.00%,-
2023,"Johnson County, Tennessee",other_race,159,0.90%,"25,878"
2023,"Johnson County, Tennessee",Hispanic_or_Latino_origin,541,3.00%,"7,827"
2023,"Knox County, Tennessee",Total_population,"487,401",100%,"41,957"
2023,"Knox County, Tennessee",White,"395,867",81.20%,"45,052"
2023,"Knox County, Tennessee",Black,"39,710",8.10%,"26,754"
2023,"Knox County, Tennessee",American_Indian_and_Alaska_Native,795,0.20%,"25,866"
2023,"Knox County, Tennessee",Asian,"10,862",2.20%,"53,742"
2023,"Knox County, Tennessee",Native_Hawaiian_and_Other_Pacific_Islander,377,0.10%,"30,692"
2023,"Knox County, Tennessee",other_race,"9,513",2.00%,"22,112"
2023,"Knox County, Tennessee",Hispanic_or_Latino_origin,"29,579",6.10%,"21,875"
2023,"Lake County, Tennessee",Total_population,"6,691",100%,"16,275"
2023,"Lake County, Tennessee",White,"4,425",66.10%,"19,811"
2023,"Lake County, Tennessee",Black,"1,493",22.30%,"9,817"
2023,"Lake County, Tennessee",American_Indian_and_Alaska_Native,73,1.10%,N
2023,"Lake County, Tennessee",Asian,17,0.30%,N
2023,"Lake County, Tennessee",Native_Hawaiian_and_Other_Pacific_Islander,18,0.30%,-
2023,"Lake County, Tennessee",other_race,102,1.50%,"10,035"
2023,"Lake County, Tennessee",Hispanic_or_Latino_origin,295,4.40%,"22,369"
2023,"Lauderdale County, Tennessee",Total_population,"24,933",100%,"25,716"
2023,"Lauderdale County, Tennessee",White,"14,891",59.70%,"30,211"
2023,"Lauderdale County, Tennessee",Black,"8,461",33.90%,"19,416"
2023,"Lauderdale County, Tennessee",American_Indian_and_Alaska_Native,84,0.30%,"13,164"
2023,"Lauderdale County, Tennessee",Asian,178,0.70%,"21,576"
2023,"Lauderdale County, Tennessee",Native_Hawaiian_and_Other_Pacific_Islander,0,0.00%,-
2023,"Lauderdale County, Tennessee",other_race,272,1.10%,"21,959"
2023,"Lauderdale County, Tennessee",Hispanic_or_Latino_origin,652,2.60%,"20,552"
2023,"Lawrence County, Tennessee",Total_population,"44,901",100%,"27,208"
2023,"Lawrence County, Tennessee",White,"41,952",93.40%,"27,816"
2023,"Lawrence County, Tennessee",Black,595,1.30%,"14,339"
2023,"Lawrence County, Tennessee",American_Indian_and_Alaska_Native,8,0.00%,"23,700"
2023,"Lawrence County, Tennessee",Asian,106,0.20%,"34,018"
2023,"Lawrence County, Tennessee",Native_Hawaiian_and_Other_Pacific_Islander,0,0.00%,-
2023,"Lawrence County, Tennessee",other_race,237,0.50%,"10,377"
2023,"Lawrence County, Tennessee",Hispanic_or_Latino_origin,"1,202",2.70%,"24,962"
2023,"Lewis County, Tennessee",Total_population,"12,784",100%,"29,149"
2023,"Lewis County, Tennessee",White,"11,927",93.30%,"29,371"
2023,"Lewis County, Tennessee",Black,100,0.80%,"19,569"
2023,"Lewis County, Tennessee",American_Indian_and_Alaska_Native,0,0.00%,-
2023,"Lewis County, Tennessee",Asian,106,0.80%,"10,894"
2023,"Lewis County, Tennessee",Native_Hawaiian_and_Other_Pacific_Islander,0,0.00%,-
2023,"Lewis County, Tennessee",other_race,53,0.40%,"19,489"
2023,"Lewis County, Tennessee",Hispanic_or_Latino_origin,372,2.90%,"26,713"
2023,"Lincoln County, Tennessee",Total_population,"35,617",100%,"34,761"
2023,"Lincoln County, Tennessee",White,"30,956",86.90%,"36,232"
2023,"Lincoln County, Tennessee",Black,"2,052",5.80%,"30,322"
2023,"Lincoln County, Tennessee",American_Indian_and_Alaska_Native,28,0.10%,"85,786"
2023,"Lincoln County, Tennessee",Asian,228,0.60%,"20,542"
2023,"Lincoln County, Tennessee",Native_Hawaiian_and_Other_Pacific_Islander,0,0.00%,-
2023,"Lincoln County, Tennessee",other_race,349,1.00%,"27,630"
2023,"Lincoln County, Tennessee",Hispanic_or_Latino_origin,"1,393",3.90%,"19,908"
2023,"Loudon County, Tennessee",Total_population,"56,996",100%,"42,817"
2023,"Loudon County, Tennessee",White,"50,404",88.40%,"45,316"
2023,"Loudon County, Tennessee",Black,787,1.40%,"38,039"
2023,"Loudon County, Tennessee",American_Indian_and_Alaska_Native,39,0.10%,"20,941"
2023,"Loudon County, Tennessee",Asian,528,0.90%,"18,309"
2023,"Loudon County, Tennessee",Native_Hawaiian_and_Other_Pacific_Islander,0,0.00%,-
2023,"Loudon County, Tennessee",other_race,747,1.30%,"27,445"
2023,"Loudon County, Tennessee",Hispanic_or_Latino_origin,"5,708",10.00%,"23,006"
2023,"McMinn County, Tennessee",Total_population,"54,135",100%,"30,669"
2023,"McMinn County, Tennessee",White,"48,323",89.30%,"31,452"
2023,"McMinn County, Tennessee",Black,"1,699",3.10%,"29,138"
2023,"McMinn County, Tennessee",American_Indian_and_Alaska_Native,32,0.10%,"12,797"
2023,"McMinn County, Tennessee",Asian,433,0.80%,"47,905"
2023,"McMinn County, Tennessee",Native_Hawaiian_and_Other_Pacific_Islander,0,0.00%,-
2023,"McMinn County, Tennessee",other_race,329,0.60%,"20,769"
2023,"McMinn County, Tennessee",Hispanic_or_Latino_origin,"2,369",4.40%,"17,605"
2023,"McNairy County, Tennessee",Total_population,"25,933",100%,"26,747"
2023,"McNairy County, Tennessee",White,"23,579",90.90%,"27,586"
2023,"McNairy County, Tennessee",Black,"1,363",5.30%,"26,314"
2023,"McNairy County, Tennessee",American_Indian_and_Alaska_Native,66,0.30%,"11,176"
2023,"McNairy County, Tennessee",Asian,120,0.50%,-
2023,"McNairy County, Tennessee",Native_Hawaiian_and_Other_Pacific_Islander,0,0.00%,-
2023,"McNairy County, Tennessee",other_race,60,0.20%,"12,840"
2023,"McNairy County, Tennessee",Hispanic_or_Latino_origin,520,2.00%,"19,647"
2023,"Macon County, Tennessee",Total_population,"25,793",100%,"27,065"
2023,"Macon County, Tennessee",White,"23,300",90.30%,"28,302"
2023,"Macon County, Tennessee",Black,216,0.80%,"1,219"
2023,"Macon County, Tennessee",American_Indian_and_Alaska_Native,17,0.10%,"48,988"
2023,"Macon County, Tennessee",Asian,12,0.00%,N
2023,"Macon County, Tennessee",Native_Hawaiian_and_Other_Pacific_Islander,0,0.00%,-
2023,"Macon County, Tennessee",other_race,407,1.60%,"11,303"
2023,"Macon County, Tennessee",Hispanic_or_Latino_origin,"1,751",6.80%,"10,027"
2023,"Madison County, Tennessee",Total_population,"98,845",100%,"32,221"
2023,"Madison County, Tennessee",White,"53,868",54.50%,"40,103"
2023,"Madison County, Tennessee",Black,"36,151",36.60%,"22,554"
2023,"Madison County, Tennessee",American_Indian_and_Alaska_Native,219,0.20%,"37,212"
2023,"Madison County, Tennessee",Asian,998,1.00%,"39,721"
2023,"Madison County, Tennessee",Native_Hawaiian_and_Other_Pacific_Islander,87,0.10%,N
2023,"Madison County, Tennessee",other_race,"2,870",2.90%,"16,120"
2023,"Madison County, Tennessee",Hispanic_or_Latino_origin,"4,920",5.00%,"18,643"
2023,"Marion County, Tennessee",Total_population,"29,010",100%,"29,313"
2023,"Marion County, Tennessee",White,"26,483",91.30%,"29,468"
2023,"Marion County, Tennessee",Black,817,2.80%,"25,767"
2023,"Marion County, Tennessee",American_Indian_and_Alaska_Native,34,0.10%,"37,300"
2023,"Marion County, Tennessee",Asian,90,0.30%,"26,950"
2023,"Marion County, Tennessee",Native_Hawaiian_and_Other_Pacific_Islander,0,0.00%,-
2023,"Marion County, Tennessee",other_race,364,1.30%,"23,479"
2023,"Marion County, Tennessee",Hispanic_or_Latino_origin,672,2.30%,"28,473"
2023,"Marshall County, Tennessee",Total_population,"35,276",100%,"35,984"
2023,"Marshall County, Tennessee",White,"30,905",87.60%,"38,196"
2023,"Marshall County, Tennessee",Black,"1,447",4.10%,"22,402"
2023,"Marshall County, Tennessee",American_Indian_and_Alaska_Native,79,0.20%,"18,196"
2023,"Marshall County, Tennessee",Asian,234,0.70%,"27,330"
2023,"Marshall County, Tennessee",Native_Hawaiian_and_Other_Pacific_Islander,0,0.00%,-
2023,"Marshall County, Tennessee",other_race,902,2.60%,"17,691"
2023,"Marshall County, Tennessee",Hispanic_or_Latino_origin,"2,402",6.80%,"18,969"
2023,"Maury County, Tennessee",Total_population,"104,855",100%,"37,158"
2023,"Maury County, Tennessee",White,"83,962",80.10%,"39,739"
2023,"Maury County, Tennessee",Black,"11,099",10.60%,"28,532"
2023,"Maury County, Tennessee",American_Indian_and_Alaska_Native,286,0.30%,"15,881"
2023,"Maury County, Tennessee",Asian,999,1.00%,"33,069"
2023,"Maury County, Tennessee",Native_Hawaiian_and_Other_Pacific_Islander,13,0.00%,N
2023,"Maury County, Tennessee",other_race,"1,141",1.10%,"22,084"
2023,"Maury County, Tennessee",Hispanic_or_Latino_origin,"8,178",7.80%,"26,875"
2023,"Meigs County, Tennessee",Total_population,"13,076",100%,"30,197"
2023,"Meigs County, Tennessee",White,"11,865",90.70%,"31,009"
2023,"Meigs County, Tennessee",Black,304,2.30%,"16,854"
2023,"Meigs County, Tennessee",American_Indian_and_Alaska_Native,25,0.20%,N
2023,"Meigs County, Tennessee",Asian,63,0.50%,"58,932"
2023,"Meigs County, Tennessee",Native_Hawaiian_and_Other_Pacific_Islander,0,0.00%,-
2023,"Meigs County, Tennessee",other_race,60,0.50%,"34,370"
2023,"Meigs County, Tennessee",Hispanic_or_Latino_origin,131,1.00%,"36,063"
2023,"Monroe County, Tennessee",Total_population,"47,054",100%,"29,107"
2023,"Monroe County, Tennessee",White,"41,881",89.00%,"30,004"
2023,"Monroe County, Tennessee",Black,870,1.80%,"22,502"
2023,"Monroe County, Tennessee",American_Indian_and_Alaska_Native,145,0.30%,"12,957"
2023,"Monroe County, Tennessee",Asian,202,0.40%,"61,237"
2023,"Monroe County, Tennessee",Native_Hawaiian_and_Other_Pacific_Islander,0,0.00%,-
2023,"Monroe County, Tennessee",other_race,734,1.60%,"21,788"
2023,"Monroe County, Tennessee",Hispanic_or_Latino_origin,"2,095",4.50%,"21,736"
2023,"Montgomery County, Tennessee",Total_population,"227,957",100%,"33,645"
2023,"Montgomery County, Tennessee",White,"146,530",64.30%,"37,128"
2023,"Montgomery County, Tennessee",Black,"45,621",20.00%,"30,221"
2023,"Montgomery County, Tennessee",American_Indian_and_Alaska_Native,757,0.30%,"36,726"
2023,"Montgomery County, Tennessee",Asian,"5,703",2.50%,"35,769"
2023,"Montgomery County, Tennessee",Native_Hawaiian_and_Other_Pacific_Islander,608,0.30%,"21,222"
2023,"Montgomery County, Tennessee",other_race,"5,283",2.30%,"24,512"
2023,"Montgomery County, Tennessee",Hispanic_or_Latino_origin,"25,020",11.00%,"24,856"
2023,"Moore County, Tennessee",Total_population,"6,611",100%,"37,193"
2023,"Moore County, Tennessee",White,"6,096",92.20%,"38,086"
2023,"Moore County, Tennessee",Black,195,2.90%,"13,838"
2023,"Moore County, Tennessee",American_Indian_and_Alaska_Native,26,0.40%,"39,119"
2023,"Moore County, Tennessee",Asian,27,0.40%,N
2023,"Moore County, Tennessee",Native_Hawaiian_and_Other_Pacific_Islander,1,0.00%,N
2023,"Moore County, Tennessee",other_race,84,1.30%,"43,906"
2023,"Moore County, Tennessee",Hispanic_or_Latino_origin,109,1.60%,"39,313"
2023,"Morgan County, Tennessee",Total_population,"21,193",100%,"30,576"
2023,"Morgan County, Tennessee",White,"19,625",92.60%,"32,004"
2023,"Morgan County, Tennessee",Black,974,4.60%,"6,016"
2023,"Morgan County, Tennessee",American_Indian_and_Alaska_Native,18,0.10%,N
2023,"Morgan County, Tennessee",Asian,42,0.20%,N
2023,"Morgan County, Tennessee",Native_Hawaiian_and_Other_Pacific_Islander,5,0.00%,-
2023,"Morgan County, Tennessee",other_race,139,0.70%,N
2023,"Morgan County, Tennessee",Hispanic_or_Latino_origin,378,1.80%,"9,882"
2023,"Obion County, Tennessee",Total_population,"30,570",100%,"29,891"
2023,"Obion County, Tennessee",White,"24,503",80.20%,"32,935"
2023,"Obion County, Tennessee",Black,"3,226",10.60%,"20,967"
2023,"Obion County, Tennessee",American_Indian_and_Alaska_Native,34,0.10%,"17,744"
2023,"Obion County, Tennessee",Asian,69,0.20%,"54,554"
2023,"Obion County, Tennessee",Native_Hawaiian_and_Other_Pacific_Islander,40,0.10%,N
2023,"Obion County, Tennessee",other_race,675,2.20%,"16,426"
2023,"Obion County, Tennessee",Hispanic_or_Latino_origin,"1,614",5.30%,"12,346"
2023,"Overton County, Tennessee",Total_population,"22,807",100%,"30,191"
2023,"Overton County, Tennessee",White,"21,879",95.90%,"30,664"
2023,"Overton County, Tennessee",Black,314,1.40%,"12,460"
2023,"Overton County, Tennessee",American_Indian_and_Alaska_Native,19,0.10%,"43,663"
2023,"Overton County, Tennessee",Asian,63,0.30%,"33,183"
2023,"Overton County, Tennessee",Native_Hawaiian_and_Other_Pacific_Islander,10,0.00%,-
2023,"Overton County, Tennessee",other_race,72,0.30%,"18,974"
2023,"Overton County, Tennessee",Hispanic_or_Latino_origin,454,2.00%,"23,116"
2023,"Perry County, Tennessee",Total_population,"8,561",100%,"25,563"
2023,"Perry County, Tennessee",White,"7,896",92.20%,"25,887"
2023,"Perry County, Tennessee",Black,43,0.50%,N
2023,"Perry County, Tennessee",American_Indian_and_Alaska_Native,46,0.50%,N
2023,"Perry County, Tennessee",Asian,108,1.30%,"12,959"
2023,"Perry County, Tennessee",Native_Hawaiian_and_Other_Pacific_Islander,0,0.00%,-
2023,"Perry County, Tennessee",other_race,30,0.40%,N
2023,"Perry County, Tennessee",Hispanic_or_Latino_origin,243,2.80%,"23,424"
2023,"Pickett County, Tennessee",Total_population,"5,062",100%,"28,784"
2023,"Pickett County, Tennessee",White,"4,858",96.00%,"29,367"
2023,"Pickett County, Tennessee",Black,18,0.40%,"12,300"
2023,"Pickett County, Tennessee",American_Indian_and_Alaska_Native,5,0.10%,N
2023,"Pickett County, Tennessee",Asian,0,0.00%,-
2023,"Pickett County, Tennessee",Native_Hawaiian_and_Other_Pacific_Islander,0,0.00%,-
2023,"Pickett County, Tennessee",other_race,4,0.10%,N
2023,"Pickett County, Tennessee",Hispanic_or_Latino_origin,41,0.80%,"13,785"
2023,"Polk County, Tennessee",Total_population,"17,702",100%,"33,714"
2023,"Polk County, Tennessee",White,"16,094",90.90%,"34,332"
2023,"Polk County, Tennessee",Black,144,0.80%,"14,101"
2023,"Polk County, Tennessee",American_Indian_and_Alaska_Native,18,0.10%,"72,106"
2023,"Polk County, Tennessee",Asian,52,0.30%,"64,035"
2023,"Polk County, Tennessee",Native_Hawaiian_and_Other_Pacific_Islander,0,0.00%,-
2023,"Polk County, Tennessee",other_race,103,0.60%,"27,181"
2023,"Polk County, Tennessee",Hispanic_or_Latino_origin,369,2.10%,"29,859"
2023,"Putnam County, Tennessee",Total_population,"81,366",100%,"30,508"
2023,"Putnam County, Tennessee",White,"71,391",87.70%,"31,898"
2023,"Putnam County, Tennessee",Black,"2,016",2.50%,"25,168"
2023,"Putnam County, Tennessee",American_Indian_and_Alaska_Native,406,0.50%,"13,368"
2023,"Putnam County, Tennessee",Asian,946,1.20%,"32,987"
2023,"Putnam County, Tennessee",Native_Hawaiian_and_Other_Pacific_Islander,0,0.00%,-
2023,"Putnam County, Tennessee",other_race,"2,175",2.70%,"21,099"
2023,"Putnam County, Tennessee",Hispanic_or_Latino_origin,"6,538",8.00%,"18,399"
2023,"Rhea County, Tennessee",Total_population,"33,299",100%,"28,160"
2023,"Rhea County, Tennessee",White,"29,670",89.10%,"28,759"
2023,"Rhea County, Tennessee",Black,538,1.60%,"29,142"
2023,"Rhea County, Tennessee",American_Indian_and_Alaska_Native,34,0.10%,N
2023,"Rhea County, Tennessee",Asian,335,1.00%,"10,275"
2023,"Rhea County, Tennessee",Native_Hawaiian_and_Other_Pacific_Islander,0,0.00%,-
2023,"Rhea County, Tennessee",other_race,714,2.10%,"31,554"
2023,"Rhea County, Tennessee",Hispanic_or_Latino_origin,"2,032",6.10%,"22,208"
2023,"Roane County, Tennessee",Total_population,"54,403",100%,"36,357"
2023,"Roane County, Tennessee",White,"49,989",91.90%,"36,777"
2023,"Roane County, Tennessee",Black,"1,294",2.40%,"44,171"
2023,"Roane County, Tennessee",American_Indian_and_Alaska_Native,165,0.30%,"9,832"
2023,"Roane County, Tennessee",Asian,348,0.60%,"42,680"
2023,"Roane County, Tennessee",Native_Hawaiian_and_Other_Pacific_Islander,0,0.00%,-
2023,"Roane County, Tennessee",other_race,268,0.50%,"25,819"
2023,"Roane County, Tennessee",Hispanic_or_Latino_origin,"1,225",2.30%,"23,220"
2023,"Robertson County, Tennessee",Total_population,"74,291",100%,"36,135"
2023,"Robertson County, Tennessee",White,"60,576",81.50%,"38,435"
2023,"Robertson County, Tennessee",Black,"5,233",7.00%,"34,300"
2023,"Robertson County, Tennessee",American_Indian_and_Alaska_Native,162,0.20%,"31,974"
2023,"Robertson County, Tennessee",Asian,502,0.70%,"25,249"
2023,"Robertson County, Tennessee",Native_Hawaiian_and_Other_Pacific_Islander,11,0.00%,N
2023,"Robertson County, Tennessee",other_race,"3,515",4.70%,"19,121"
2023,"Robertson County, Tennessee",Hispanic_or_Latino_origin,"7,150",9.60%,"21,287"
2023,"Rutherford County, Tennessee",Total_population,"351,591",100%,"37,294"
2023,"Rutherford County, Tennessee",White,"239,171",68.00%,"41,410"
2023,"Rutherford County, Tennessee",Black,"52,801",15.00%,"32,532"
2023,"Rutherford County, Tennessee",American_Indian_and_Alaska_Native,545,0.20%,"23,564"
2023,"Rutherford County, Tennessee",Asian,"12,486",3.60%,"32,703"
2023,"Rutherford County, Tennessee",Native_Hawaiian_and_Other_Pacific_Islander,643,0.20%,"46,909"
2023,"Rutherford County, Tennessee",other_race,"13,968",4.00%,"20,801"
2023,"Rutherford County, Tennessee",Hispanic_or_Latino_origin,"40,625",11.60%,"21,953"
2023,"Scott County, Tennessee",Total_population,"21,969",100%,"23,544"
2023,"Scott County, Tennessee",White,"21,221",96.60%,"23,717"
2023,"Scott County, Tennessee",Black,86,0.40%,"13,029"
2023,"Scott County, Tennessee",American_Indian_and_Alaska_Native,54,0.20%,"15,933"
2023,"Scott County, Tennessee",Asian,90,0.40%,"18,141"
2023,"Scott County, Tennessee",Native_Hawaiian_and_Other_Pacific_Islander,7,0.00%,N
2023,"Scott County, Tennessee",other_race,25,0.10%,"19,880"
2023,"Scott County, Tennessee",Hispanic_or_Latino_origin,29,0.10%,"14,890"
2023,"Sequatchie County, Tennessee",Total_population,"16,409",100%,"26,368"
2023,"Sequatchie County, Tennessee",White,"15,304",93.30%,"26,779"
2023,"Sequatchie County, Tennessee",Black,77,0.50%,"9,440"
2023,"Sequatchie County, Tennessee",American_Indian_and_Alaska_Native,17,0.10%,N
2023,"Sequatchie County, Tennessee",Asian,130,0.80%,N
2023,"Sequatchie County, Tennessee",Native_Hawaiian_and_Other_Pacific_Islander,20,0.10%,N
2023,"Sequatchie County, Tennessee",other_race,366,2.20%,"13,739"
2023,"Sequatchie County, Tennessee",Hispanic_or_Latino_origin,719,4.40%,"10,619"
2023,"Sevier County, Tennessee",Total_population,"98,802",100%,"33,686"
2023,"Sevier County, Tennessee",White,"86,681",87.70%,"35,337"
2023,"Sevier County, Tennessee",Black,862,0.90%,"34,139"
2023,"Sevier County, Tennessee",American_Indian_and_Alaska_Native,187,0.20%,"30,584"
2023,"Sevier County, Tennessee",Asian,"1,179",1.20%,"22,511"
2023,"Sevier County, Tennessee",Native_Hawaiian_and_Other_Pacific_Islander,50,0.10%,-
2023,"Sevier County, Tennessee",other_race,"4,279",4.30%,"16,194"
2023,"Sevier County, Tennessee",Hispanic_or_Latino_origin,"8,822",8.90%,"19,314"
2023,"Shelby County, Tennessee",Total_population,"922,195",100%,"37,666"
2023,"Shelby County, Tennessee",White,"322,797",35.00%,"56,671"
2023,"Shelby County, Tennessee",Black,"487,064",52.80%,"26,998"
2023,"Shelby County, Tennessee",American_Indian_and_Alaska_Native,"3,604",0.40%,"11,085"
2023,"Shelby County, Tennessee",Asian,"26,373",2.90%,"54,416"
2023,"Shelby County, Tennessee",Native_Hawaiian_and_Other_Pacific_Islander,974,0.10%,"22,787"
2023,"Shelby County, Tennessee",other_race,"37,399",4.10%,"18,683"
2023,"Shelby County, Tennessee",Hispanic_or_Latino_origin,"78,252",8.50%,"21,453"
2023,"Smith County, Tennessee",Total_population,"20,196",100%,"32,720"
2023,"Smith County, Tennessee",White,"18,344",90.80%,"33,765"
2023,"Smith County, Tennessee",Black,392,1.90%,"31,287"
2023,"Smith County, Tennessee",American_Indian_and_Alaska_Native,25,0.10%,"52,956"
2023,"Smith County, Tennessee",Asian,110,0.50%,"26,341"
2023,"Smith County, Tennessee",Native_Hawaiian_and_Other_Pacific_Islander,19,0.10%,N
2023,"Smith County, Tennessee",other_race,295,1.50%,"17,428"
2023,"Smith County, Tennessee",Hispanic_or_Latino_origin,599,3.00%,"11,501"
2023,"Stewart County, Tennessee",Total_population,"13,859",100%,"29,881"
2023,"Stewart County, Tennessee",White,"12,915",93.20%,"30,257"
2023,"Stewart County, Tennessee",Black,179,1.30%,"24,042"
2023,"Stewart County, Tennessee",American_Indian_and_Alaska_Native,17,0.10%,"21,118"
2023,"Stewart County, Tennessee",Asian,83,0.60%,"31,430"
2023,"Stewart County, Tennessee",Native_Hawaiian_and_Other_Pacific_Islander,0,0.00%,-
2023,"Stewart County, Tennessee",other_race,12,0.10%,"37,183"
2023,"Stewart County, Tennessee",Hispanic_or_Latino_origin,399,2.90%,"11,007"
2023,"Sullivan County, Tennessee",Total_population,"159,693",100%,"35,143"
2023,"Sullivan County, Tennessee",White,"148,653",93.10%,"36,055"
2023,"Sullivan County, Tennessee",Black,"3,212",2.00%,"21,533"
2023,"Sullivan County, Tennessee",American_Indian_and_Alaska_Native,223,0.10%,"27,813"
2023,"Sullivan County, Tennessee",Asian,"1,328",0.80%,"40,718"
2023,"Sullivan County, Tennessee",Native_Hawaiian_and_Other_Pacific_Islander,0,0.00%,-
2023,"Sullivan County, Tennessee",other_race,"1,049",0.70%,"23,672"
2023,"Sullivan County, Tennessee",Hispanic_or_Latino_origin,"3,905",2.40%,"21,249"
2023,"Sumner County, Tennessee",Total_population,"200,553",100%,"42,482"
2023,"Sumner County, Tennessee",White,"162,173",80.90%,"44,436"
2023,"Sumner County, Tennessee",Black,"17,253",8.60%,"35,579"
2023,"Sumner County, Tennessee",American_Indian_and_Alaska_Native,404,0.20%,"22,598"
2023,"Sumner County, Tennessee",Asian,"3,194",1.60%,"53,933"
2023,"Sumner County, Tennessee",Native_Hawaiian_and_Other_Pacific_Islander,84,0.00%,"43,850"
2023,"Sumner County, Tennessee",other_race,"5,891",2.90%,"22,828"
2023,"Sumner County, Tennessee",Hispanic_or_Latino_origin,"13,759",6.90%,"26,025"
2023,"Tipton County, Tennessee",Total_population,"61,339",100%,"33,312"
2023,"Tipton County, Tennessee",White,"45,796",74.70%,"35,918"
2023,"Tipton County, Tennessee",Black,"11,419",18.60%,"23,560"
2023,"Tipton County, Tennessee",American_Indian_and_Alaska_Native,156,0.30%,"53,413"
2023,"Tipton County, Tennessee",Asian,305,0.50%,"52,191"
2023,"Tipton County, Tennessee",Native_Hawaiian_and_Other_Pacific_Islander,0,0.00%,-
2023,"Tipton County, Tennessee",other_race,822,1.30%,"25,683"
2023,"Tipton County, Tennessee",Hispanic_or_Latino_origin,"1,829",3.00%,"33,162"
2023,"Trousdale County, Tennessee",Total_population,"11,805",100%,"26,692"
2023,"Trousdale County, Tennessee",White,"9,508",80.50%,"28,523"
2023,"Trousdale County, Tennessee",Black,"1,330",11.30%,"15,868"
2023,"Trousdale County, Tennessee",American_Indian_and_Alaska_Native,33,0.30%,N
2023,"Trousdale County, Tennessee",Asian,19,0.20%,N
2023,"Trousdale County, Tennessee",Native_Hawaiian_and_Other_Pacific_Islander,0,0.00%,-
2023,"Trousdale County, Tennessee",other_race,241,2.00%,"34,944"
2023,"Trousdale County, Tennessee",Hispanic_or_Latino_origin,431,3.70%,"29,850"
2023,"Unicoi County, Tennessee",Total_population,"17,779",100%,"29,087"
2023,"Unicoi County, Tennessee",White,"16,447",92.50%,"29,970"
2023,"Unicoi County, Tennessee",Black,82,0.50%,"15,628"
2023,"Unicoi County, Tennessee",American_Indian_and_Alaska_Native,58,0.30%,N
2023,"Unicoi County, Tennessee",Asian,29,0.20%,N
2023,"Unicoi County, Tennessee",Native_Hawaiian_and_Other_Pacific_Islander,0,0.00%,-
2023,"Unicoi County, Tennessee",other_race,117,0.70%,"15,897"
2023,"Unicoi County, Tennessee",Hispanic_or_Latino_origin,"1,143",6.40%,"12,955"
2023,"Union County, Tennessee",Total_population,"20,141",100%,"29,725"
2023,"Union County, Tennessee",White,"19,180",95.20%,"29,653"
2023,"Union County, Tennessee",Black,111,0.60%,"8,722"
2023,"Union County, Tennessee",American_Indian_and_Alaska_Native,0,0.00%,-
2023,"Union County, Tennessee",Asian,4,0.00%,N
2023,"Union County, Tennessee",Native_Hawaiian_and_Other_Pacific_Islander,0,0.00%,-
2023,"Union County, Tennessee",other_race,61,0.30%,N
2023,"Union County, Tennessee",Hispanic_or_Latino_origin,447,2.20%,"27,185"
2023,"Van Buren County, Tennessee",Total_population,"6,293",100%,"27,404"
2023,"Van Buren County, Tennessee",White,"5,983",95.10%,"28,303"
2023,"Van Buren County, Tennessee",Black,24,0.40%,N
2023,"Van Buren County, Tennessee",American_Indian_and_Alaska_Native,13,0.20%,N
2023,"Van Buren County, Tennessee",Asian,13,0.20%,N
2023,"Van Buren County, Tennessee",Native_Hawaiian_and_Other_Pacific_Islander,0,0.00%,-
2023,"Van Buren County, Tennessee",other_race,15,0.20%,N
2023,"Van Buren County, Tennessee",Hispanic_or_Latino_origin,29,0.50%,"18,410"
2023,"Warren County, Tennessee",Total_population,"41,587",100%,"28,619"
2023,"Warren County, Tennessee",White,"35,818",86.10%,"30,275"
2023,"Warren County, Tennessee",Black,"1,172",2.80%,"20,171"
2023,"Warren County, Tennessee",American_Indian_and_Alaska_Native,55,0.10%,"5,980"
2023,"Warren County, Tennessee",Asian,249,0.60%,"17,784"
2023,"Warren County, Tennessee",Native_Hawaiian_and_Other_Pacific_Islander,24,0.10%,-
2023,"Warren County, Tennessee",other_race,"1,770",4.30%,"13,106"
2023,"Warren County, Tennessee",Hispanic_or_Latino_origin,"4,080",9.80%,"16,878"
2023,"Washington County, Tennessee",Total_population,"134,693",100%,"36,493"
2023,"Washington County, Tennessee",White,"118,113",87.70%,"37,991"
2023,"Washington County, Tennessee",Black,"5,055",3.80%,"20,236"
2023,"Washington County, Tennessee",American_Indian_and_Alaska_Native,277,0.20%,"13,999"
2023,"Washington County, Tennessee",Asian,"2,153",1.60%,"56,065"
2023,"Washington County, Tennessee",Native_Hawaiian_and_Other_Pacific_Islander,34,0.00%,N
2023,"Washington County, Tennessee",other_race,"1,813",1.30%,"26,119"
2023,"Washington County, Tennessee",Hispanic_or_Latino_origin,"6,356",4.70%,"21,453"
2023,"Wayne County, Tennessee",Total_population,"16,251",100%,"29,526"
2023,"Wayne County, Tennessee",White,"14,504",89.20%,"31,180"
2023,"Wayne County, Tennessee",Black,683,4.20%,"9,710"
2023,"Wayne County, Tennessee",American_Indian_and_Alaska_Native,21,0.10%,N
2023,"Wayne County, Tennessee",Asian,13,0.10%,N
2023,"Wayne County, Tennessee",Native_Hawaiian_and_Other_Pacific_Islander,25,0.20%,-
2023,"Wayne County, Tennessee",other_race,119,0.70%,"20,314"
2023,"Wayne County, Tennessee",Hispanic_or_Latino_origin,415,2.60%,"13,190"
2023,"Weakley County, Tennessee",Total_population,"32,959",100%,"26,807"
2023,"Weakley County, Tennessee",White,"28,560",86.70%,"27,584"
2023,"Weakley County, Tennessee",Black,"2,446",7.40%,"15,198"
2023,"Weakley County, Tennessee",American_Indian_and_Alaska_Native,109,0.30%,"43,320"
2023,"Weakley County, Tennessee",Asian,372,1.10%,"42,883"
2023,"Weakley County, Tennessee",Native_Hawaiian_and_Other_Pacific_Islander,15,0.00%,N
2023,"Weakley County, Tennessee",other_race,208,0.60%,"27,009"
2023,"Weakley County, Tennessee",Hispanic_or_Latino_origin,977,3.00%,"26,794"
2023,"White County, Tennessee",Total_population,"27,764",100%,"28,427"
2023,"White County, Tennessee",White,"25,842",93.10%,"28,996"
2023,"White County, Tennessee",Black,336,1.20%,"21,853"
2023,"White County, Tennessee",American_Indian_and_Alaska_Native,102,0.40%,"23,621"
2023,"White County, Tennessee",Asian,100,0.40%,N
2023,"White County, Tennessee",Native_Hawaiian_and_Other_Pacific_Islander,97,0.30%,N
2023,"White County, Tennessee",other_race,178,0.60%,"18,761"
2023,"White County, Tennessee",Hispanic_or_Latino_origin,837,3.00%,"19,566"
2023,"Williamson County, Tennessee",Total_population,"254,609",100%,"64,632"
2023,"Williamson County, Tennessee",White,"210,781",82.80%,"67,145"
2023,"Williamson County, Tennessee",Black,"9,676",3.80%,"51,148"
2023,"Williamson County, Tennessee",American_Indian_and_Alaska_Native,428,0.20%,"48,688"
2023,"Williamson County, Tennessee",Asian,"13,292",5.20%,"69,422"
2023,"Williamson County, Tennessee",Native_Hawaiian_and_Other_Pacific_Islander,69,0.00%,-
2023,"Williamson County, Tennessee",other_race,"3,338",1.30%,"52,784"
2023,"Williamson County, Tennessee",Hispanic_or_Latino_origin,"14,809",5.80%,"39,068"
2023,"Wilson County, Tennessee",Total_population,"153,587",100%,"45,461"
2023,"Wilson County, Tennessee",White,"126,077",82.10%,"45,481"
2023,"Wilson County, Tennessee",Black,"11,048",7.20%,"37,689"
2023,"Wilson County, Tennessee",American_Indian_and_Alaska_Native,418,0.30%,"36,119"
2023,"Wilson County, Tennessee",Asian,"3,164",2.10%,"48,045"
2023,"Wilson County, Tennessee",Native_Hawaiian_and_Other_Pacific_Islander,0,0.00%,-
2023,"Wilson County, Tennessee",other_race,"3,994",2.60%,"109,201"
2023,"Wilson County, Tennessee",Hispanic_or_Latino_origin,"9,258",6.00%,"23,988"
